<?xml version = '1.0' encoding = 'UTF-8'?>
<FKIndexAssociation class="oracle.dbtools.crest.model.design.relational.FKIndexAssociation" directorySegmentName="seg_0" id="11FC8C6A-F115-7E57-00D5-A1EED0629629" containerWithKeyObject="98D001DF-A78A-7CA5-896D-0FD6987C1273" localFKIndex="F941FF86-A5F1-5E23-4371-DEA345067F85" name="VALOR_PRE_APROVADO_USUARIO_FK">
<createdBy>Mauricio</createdBy>
<createdTime>2022-05-22 14:43:18 UTC</createdTime>
<generatorID>A574E620-9A19-BF9C-E621-C8A31B2C0D60</generatorID>
<ownerDesignName>Atividade_fase3_cap7</ownerDesignName>
<referredTableLongName>USUARIO</referredTableLongName>
<deleteRule>NO ACTION</deleteRule>
<referredTableID>98F1BC73-B721-4DCD-5688-8E362EFA189C</referredTableID>
<keyObject>53A7E9EF-F5BA-6375-4538-B87B66CB97A2</keyObject>
<referredKeyID>53A7E9EF-F5BA-6375-4538-B87B66CB97A2</referredKeyID>
<mandatory>true</mandatory>
<refColNames>cod_usuario</refColNames>
<transferable>true</transferable>
<rely>false</rely>
<columnDependencyConstraintGenerateInDDL>true</columnDependencyConstraintGenerateInDDL>
</FKIndexAssociation>