<?xml version = '1.0' encoding = 'UTF-8'?>
<FKIndexAssociation class="oracle.dbtools.crest.model.design.relational.FKIndexAssociation" directorySegmentName="seg_0" id="261E10C3-B6EE-9BB3-5E59-94AADB34EFD7" containerWithKeyObject="BCD8D3BB-EE18-A3BD-4E86-5D98B9F545A7" localFKIndex="CF014295-FE3C-D4BC-5E99-26D9078D69FF" name="TELEFONE_CEL_USUARIO_FK">
<createdBy>Mauricio</createdBy>
<createdTime>2022-05-22 14:43:18 UTC</createdTime>
<generatorID>01A3CC0C-F54C-B2AC-DDE9-69E32FD651B5</generatorID>
<ownerDesignName>Atividade_fase3_cap7</ownerDesignName>
<referredTableLongName>USUARIO</referredTableLongName>
<deleteRule>NO ACTION</deleteRule>
<referredTableID>98F1BC73-B721-4DCD-5688-8E362EFA189C</referredTableID>
<keyObject>53A7E9EF-F5BA-6375-4538-B87B66CB97A2</keyObject>
<referredKeyID>53A7E9EF-F5BA-6375-4538-B87B66CB97A2</referredKeyID>
<mandatory>true</mandatory>
<refColNames>cod_usuario</refColNames>
<transferable>true</transferable>
<rely>false</rely>
<columnDependencyConstraintGenerateInDDL>true</columnDependencyConstraintGenerateInDDL>
</FKIndexAssociation>