<?xml version = '1.0' encoding = 'UTF-8'?>
<FKIndexAssociation class="oracle.dbtools.crest.model.design.relational.FKIndexAssociation" directorySegmentName="seg_0" id="2B929E23-46A4-B537-2165-1C105DAC7BAC" containerWithKeyObject="67F9BB21-1FDC-91AB-1841-16765B52D07D" localFKIndex="A178540C-A923-FB3B-7FE2-72C1A7BD22E5" name="ENTRADA_USUARIO_FK">
<createdBy>Mauricio</createdBy>
<createdTime>2022-05-22 14:43:18 UTC</createdTime>
<generatorID>D1228EE8-562E-A472-0254-31335499C460</generatorID>
<ownerDesignName>Atividade_fase3_cap7</ownerDesignName>
<referredTableLongName>USUARIO</referredTableLongName>
<deleteRule>NO ACTION</deleteRule>
<referredTableID>98F1BC73-B721-4DCD-5688-8E362EFA189C</referredTableID>
<keyObject>53A7E9EF-F5BA-6375-4538-B87B66CB97A2</keyObject>
<referredKeyID>53A7E9EF-F5BA-6375-4538-B87B66CB97A2</referredKeyID>
<mandatory>true</mandatory>
<refColNames>cod_usuario</refColNames>
<transferable>true</transferable>
<rely>false</rely>
<columnDependencyConstraintGenerateInDDL>true</columnDependencyConstraintGenerateInDDL>
</FKIndexAssociation>