<?xml version = '1.0' encoding = 'UTF-8'?>
<FKIndexAssociation class="oracle.dbtools.crest.model.design.relational.FKIndexAssociation" directorySegmentName="seg_0" id="3BCC2E28-DFC6-08DC-E675-87A764F8C65B" containerWithKeyObject="5E96F2A0-314D-8D9B-D081-D5CD9AD6EB01" localFKIndex="6B6923BE-CB6F-1F64-D939-AE77AC6CFD7A" name="ENDERECO_RESISDENCIA_US_FK">
<createdBy>Mauricio</createdBy>
<createdTime>2022-05-22 14:03:56 UTC</createdTime>
<generatorID>453D2890-837C-46B3-50B0-DDF13AA57C5F</generatorID>
<ownerDesignName>Atividade_fase3_cap7</ownerDesignName>
<referredTableLongName>USUARIO</referredTableLongName>
<deleteRule>NO ACTION</deleteRule>
<referredTableID>98F1BC73-B721-4DCD-5688-8E362EFA189C</referredTableID>
<keyObject>53A7E9EF-F5BA-6375-4538-B87B66CB97A2</keyObject>
<referredKeyID>53A7E9EF-F5BA-6375-4538-B87B66CB97A2</referredKeyID>
<mandatory>true</mandatory>
<refColNames>cod_usuario</refColNames>
<transferable>true</transferable>
<rely>false</rely>
<columnDependencyConstraintGenerateInDDL>true</columnDependencyConstraintGenerateInDDL>
</FKIndexAssociation>