<?xml version = '1.0' encoding = 'UTF-8'?>
<FKIndexAssociation class="oracle.dbtools.crest.model.design.relational.FKIndexAssociation" directorySegmentName="seg_0" id="3EBFB834-40BF-7E15-7151-DA636C723982" containerWithKeyObject="6010268D-4F35-DC12-2FBE-56A2A976433C" localFKIndex="700B58AE-F5D6-323B-C38F-68061A126820" name="BAIRRO_CIDADE_FK">
<createdBy>Mauricio</createdBy>
<createdTime>2022-05-22 14:03:56 UTC</createdTime>
<generatorID>23C985A9-7879-D1D5-2C7F-474D704B0CDA</generatorID>
<ownerDesignName>Atividade_fase3_cap7</ownerDesignName>
<referredTableLongName>CIDADE</referredTableLongName>
<deleteRule>NO ACTION</deleteRule>
<referredTableID>DC50CAA7-BC9D-7C36-9445-DFA4688D6A7D</referredTableID>
<keyObject>6F0CEE5D-6204-1C52-96FC-A9C0437CF0D2</keyObject>
<referredKeyID>6F0CEE5D-6204-1C52-96FC-A9C0437CF0D2</referredKeyID>
<mandatory>true</mandatory>
<refColNames>nome_cidade</refColNames>
<transferable>true</transferable>
<rely>false</rely>
<columnDependencyConstraintGenerateInDDL>true</columnDependencyConstraintGenerateInDDL>
</FKIndexAssociation>