<?xml version = '1.0' encoding = 'UTF-8'?>
<FKIndexAssociation class="oracle.dbtools.crest.model.design.relational.FKIndexAssociation" directorySegmentName="seg_0" id="5287D6FB-076F-8547-994F-637215144E30" containerWithKeyObject="A3723D6E-5137-35DE-D75C-EE3A9F1DA014" localFKIndex="6E6DEA6F-0908-1BA8-94AE-AEF50DDF4FDF" name="TELEFONE_EMPRESA_USUARIO_FK">
<createdBy>Mauricio</createdBy>
<createdTime>2022-05-22 14:03:56 UTC</createdTime>
<generatorID>34204841-5CC2-52C7-77D0-48CD4E93F224</generatorID>
<ownerDesignName>Atividade_fase3_cap7</ownerDesignName>
<referredTableLongName>USUARIO</referredTableLongName>
<deleteRule>NO ACTION</deleteRule>
<referredTableID>98F1BC73-B721-4DCD-5688-8E362EFA189C</referredTableID>
<keyObject>53A7E9EF-F5BA-6375-4538-B87B66CB97A2</keyObject>
<referredKeyID>53A7E9EF-F5BA-6375-4538-B87B66CB97A2</referredKeyID>
<mandatory>false</mandatory>
<refColNames>cod_usuario</refColNames>
<transferable>true</transferable>
<rely>false</rely>
<columnDependencyConstraintGenerateInDDL>true</columnDependencyConstraintGenerateInDDL>
</FKIndexAssociation>