<?xml version = '1.0' encoding = 'UTF-8'?>
<FKIndexAssociation class="oracle.dbtools.crest.model.design.relational.FKIndexAssociation" directorySegmentName="seg_0" id="BE83C617-68B8-9F90-784A-B8AC43050637" containerWithKeyObject="3D7C77A7-2FE4-BEC3-6F3C-6C999982437F" localFKIndex="466A1CAC-D1A5-64E6-6F2A-2F01B3D75BA7" name="ENDERECO_EMPRESA_RUA_FK">
<createdBy>Mauricio</createdBy>
<createdTime>2022-05-22 14:03:56 UTC</createdTime>
<generatorID>E73F2143-696F-CFBC-F6FD-91EB2FED8C91</generatorID>
<ownerDesignName>Atividade_fase3_cap7</ownerDesignName>
<referredTableLongName>RUA</referredTableLongName>
<deleteRule>NO ACTION</deleteRule>
<referredTableID>EEDEA21F-06C7-C861-6AA5-7E55F9897884</referredTableID>
<keyObject>B585889F-D796-ED7F-1891-BFF50A9AC470</keyObject>
<referredKeyID>B585889F-D796-ED7F-1891-BFF50A9AC470</referredKeyID>
<mandatory>true</mandatory>
<refColNames>nome_rua</refColNames>
<transferable>true</transferable>
<rely>false</rely>
<columnDependencyConstraintGenerateInDDL>true</columnDependencyConstraintGenerateInDDL>
</FKIndexAssociation>