<?xml version = '1.0' encoding = 'UTF-8'?>
<FKIndexAssociation class="oracle.dbtools.crest.model.design.relational.FKIndexAssociation" directorySegmentName="seg_0" id="BECB575B-4C37-40BC-29BF-7FD6BCEE79BA" containerWithKeyObject="EEDEA21F-06C7-C861-6AA5-7E55F9897884" localFKIndex="49C9D255-6A9C-6871-B92A-3CD09278630E" name="RUA_BAIRRO_FK">
<createdBy>Mauricio</createdBy>
<createdTime>2022-05-22 14:03:56 UTC</createdTime>
<generatorID>8137CE39-B8AC-4889-A71B-FBFA86A9DBC1</generatorID>
<ownerDesignName>Atividade_fase3_cap7</ownerDesignName>
<referredTableLongName>BAIRRO</referredTableLongName>
<deleteRule>NO ACTION</deleteRule>
<referredTableID>6010268D-4F35-DC12-2FBE-56A2A976433C</referredTableID>
<keyObject>D74F6AA2-036F-FBF8-7C61-42479DEC178B</keyObject>
<referredKeyID>D74F6AA2-036F-FBF8-7C61-42479DEC178B</referredKeyID>
<mandatory>true</mandatory>
<refColNames>nome_bairro</refColNames>
<transferable>true</transferable>
<rely>false</rely>
<columnDependencyConstraintGenerateInDDL>true</columnDependencyConstraintGenerateInDDL>
</FKIndexAssociation>