<?xml version = '1.0' encoding = 'UTF-8'?>
<FKIndexAssociation class="oracle.dbtools.crest.model.design.relational.FKIndexAssociation" directorySegmentName="seg_0" id="D3E7C54F-9E2C-2242-FFCD-CF8AEA5AD56F" containerWithKeyObject="5E96F2A0-314D-8D9B-D081-D5CD9AD6EB01" localFKIndex="14A136E9-A11B-FDB8-6621-9BC35C159E2C" name="ENDERECO_RESISDENCIA_RUA_FK">
<createdBy>Mauricio</createdBy>
<createdTime>2022-05-22 14:03:56 UTC</createdTime>
<generatorID>620EA835-0F0B-14E7-E983-93A3542F5986</generatorID>
<ownerDesignName>Atividade_fase3_cap7</ownerDesignName>
<referredTableLongName>RUA</referredTableLongName>
<deleteRule>NO ACTION</deleteRule>
<referredTableID>EEDEA21F-06C7-C861-6AA5-7E55F9897884</referredTableID>
<keyObject>B585889F-D796-ED7F-1891-BFF50A9AC470</keyObject>
<referredKeyID>B585889F-D796-ED7F-1891-BFF50A9AC470</referredKeyID>
<mandatory>true</mandatory>
<refColNames>nome_rua</refColNames>
<transferable>true</transferable>
<rely>false</rely>
<columnDependencyConstraintGenerateInDDL>true</columnDependencyConstraintGenerateInDDL>
</FKIndexAssociation>