<?xml version = '1.0' encoding = 'UTF-8'?>
<FKIndexAssociation class="oracle.dbtools.crest.model.design.relational.FKIndexAssociation" directorySegmentName="seg_0" id="D652A463-123E-9A66-63BF-2EA5811D9021" containerWithKeyObject="114D0CD6-F130-E93B-795F-495088874DF8" localFKIndex="D879DC60-8E07-506E-74A5-82A35D27D028" name="SIMULADO_USUARIO_FK">
<createdBy>Mauricio</createdBy>
<createdTime>2022-05-22 14:03:56 UTC</createdTime>
<generatorID>AAB5CF11-C83E-6226-0BA7-FC6EB90C2F24</generatorID>
<ownerDesignName>Atividade_fase3_cap7</ownerDesignName>
<referredTableLongName>USUARIO</referredTableLongName>
<deleteRule>NO ACTION</deleteRule>
<referredTableID>98F1BC73-B721-4DCD-5688-8E362EFA189C</referredTableID>
<keyObject>53A7E9EF-F5BA-6375-4538-B87B66CB97A2</keyObject>
<referredKeyID>53A7E9EF-F5BA-6375-4538-B87B66CB97A2</referredKeyID>
<mandatory>true</mandatory>
<refColNames>cod_usuario</refColNames>
<transferable>true</transferable>
<rely>false</rely>
<columnDependencyConstraintGenerateInDDL>true</columnDependencyConstraintGenerateInDDL>
</FKIndexAssociation>