<?xml version = '1.0' encoding = 'UTF-8'?>
<FKIndexAssociation class="oracle.dbtools.crest.model.design.relational.FKIndexAssociation" directorySegmentName="seg_0" id="E896C1BF-8861-E70A-B45F-0E8028A2BB16" containerWithKeyObject="DC50CAA7-BC9D-7C36-9445-DFA4688D6A7D" localFKIndex="0593EE22-904D-B2BA-AFD3-670B33EB048F" name="CIDADE_ESTADO_FK">
<createdBy>Mauricio</createdBy>
<createdTime>2022-05-22 14:03:56 UTC</createdTime>
<generatorID>1514CB9C-BE49-5910-C9C3-A5137C548D7F</generatorID>
<ownerDesignName>Atividade_fase3_cap7</ownerDesignName>
<referredTableLongName>ESTADO</referredTableLongName>
<deleteRule>NO ACTION</deleteRule>
<referredTableID>16646D23-41A9-F87A-21BA-BD601ED78C68</referredTableID>
<keyObject>DF7733FD-BA03-CE65-7B2D-1B355B2AB95D</keyObject>
<referredKeyID>DF7733FD-BA03-CE65-7B2D-1B355B2AB95D</referredKeyID>
<mandatory>true</mandatory>
<refColNames>nome_estado</refColNames>
<transferable>true</transferable>
<rely>false</rely>
<columnDependencyConstraintGenerateInDDL>true</columnDependencyConstraintGenerateInDDL>
</FKIndexAssociation>