<?xml version = '1.0' encoding = 'UTF-8'?>
<Table class="oracle.dbtools.crest.model.design.relational.Table" directorySegmentName="seg_0" id="114D0CD6-F130-E93B-795F-495088874DF8" name="SIMULADO">
<createdBy>Mauricio</createdBy>
<createdTime>2022-05-22 14:03:56 UTC</createdTime>
<generatorID>AE89B604-B2CA-DA87-E279-80EC98D34235</generatorID>
<ownerDesignName>Atividade_fase3_cap7</ownerDesignName>
<allowColumnReorder>false</allowColumnReorder>
<existDependencyGenerateInDDl>true</existDependencyGenerateInDDl>
<parsed>true</parsed>
<columns itemClass="oracle.dbtools.crest.model.design.relational.Column">
<Column name="cod_simulado" id="F940F6DA-4E31-5480-4757-9AD6C1EC2812">
<createdBy>Mauricio</createdBy>
<createdTime>2022-05-22 14:03:56 UTC</createdTime>
<generatorID>555B82AC-D5F1-C251-91F6-9311301856F6</generatorID>
<ownerDesignName>Atividade_fase3_cap7</ownerDesignName>
<useDomainConstraints>false</useDomainConstraints>
<use>1</use>
<logicalDatatype>LOGDT019</logicalDatatype>
<ownDataTypeParameters>,,</ownDataTypeParameters>
<autoIncrementCycle>false</autoIncrementCycle>
</Column>
<Column name="USUARIO_cod_usuario" id="3EF65BE2-EAB1-39E4-D747-1DC68DCEC9AE">
<createdBy>Mauricio</createdBy>
<createdTime>2022-05-22 14:03:56 UTC</createdTime>
<generatorID>322FDFB6-1021-EA72-4EF2-4B33F955963B</generatorID>
<ownerDesignName>Atividade_fase3_cap7</ownerDesignName>
<useDomainConstraints>false</useDomainConstraints>
<use>1</use>
<logicalDatatype>LOGDT019</logicalDatatype>
<ownDataTypeParameters>,,</ownDataTypeParameters>
<previousColumn>false</previousColumn>
<autoIncrementCycle>false</autoIncrementCycle>
<associations>
<colAssociation fkAssociation="D652A463-123E-9A66-63BF-2EA5811D9021" referredColumn="150F79AD-E80C-FC1E-F283-45749A842CE0"/>
</associations>
</Column>
<Column name="valor" id="C224D201-6BC9-976F-CB10-0ABDBD93BF2D">
<createdBy>Mauricio</createdBy>
<createdTime>2022-05-22 14:03:56 UTC</createdTime>
<generatorID>55FB784C-C2EC-D060-A6B1-865E6DFEDA5B</generatorID>
<ownerDesignName>Atividade_fase3_cap7</ownerDesignName>
<useDomainConstraints>false</useDomainConstraints>
<use>1</use>
<logicalDatatype>LOGDT019</logicalDatatype>
<dataTypePrecision>6</dataTypePrecision>
<ownDataTypeParameters>,6,</ownDataTypeParameters>
<autoIncrementCycle>false</autoIncrementCycle>
</Column>
<Column name="parcelas" id="AA12814A-0CAF-A4F5-378B-06EBD24C1468">
<createdBy>Mauricio</createdBy>
<createdTime>2022-05-22 14:03:56 UTC</createdTime>
<generatorID>93B8C40F-1A1A-848F-AFF4-6F0AD5D46F7C</generatorID>
<ownerDesignName>Atividade_fase3_cap7</ownerDesignName>
<useDomainConstraints>false</useDomainConstraints>
<use>1</use>
<logicalDatatype>LOGDT019</logicalDatatype>
<dataTypePrecision>2</dataTypePrecision>
<ownDataTypeParameters>,2,</ownDataTypeParameters>
<autoIncrementCycle>false</autoIncrementCycle>
</Column>
<Column name="data" id="2DB9B84C-C12F-39B3-E962-E30DAE6DA152">
<createdBy>Mauricio</createdBy>
<createdTime>2022-05-22 14:03:56 UTC</createdTime>
<generatorID>4655FD54-D447-6292-425B-5572EA5FD19E</generatorID>
<ownerDesignName>Atividade_fase3_cap7</ownerDesignName>
<useDomainConstraints>false</useDomainConstraints>
<use>1</use>
<logicalDatatype>LOGDT007</logicalDatatype>
<ownDataTypeParameters>,,</ownDataTypeParameters>
<autoIncrementCycle>false</autoIncrementCycle>
</Column>
</columns>
<indexes itemClass="oracle.dbtools.crest.model.design.relational.Index">
<ind_PK_UK id="F214D4B2-D9CF-AAFC-F4A2-819C82BECBF8" name="SIMULADO_PK">
<createdBy>Mauricio</createdBy>
<createdTime>2022-05-22 14:03:56 UTC</createdTime>
<generatorID>525EE8CD-72A9-A6C3-1479-B8B79B35F2E5</generatorID>
<ownerDesignName>Atividade_fase3_cap7</ownerDesignName>
<pk>true</pk>
<indexState>Primary Constraint</indexState>
<isSurrogateKey>false</isSurrogateKey>
<indexColumnUsage>
<colUsage columnID="F940F6DA-4E31-5480-4757-9AD6C1EC2812"/>
</indexColumnUsage>
</ind_PK_UK>
<ind_PK_UK id="D879DC60-8E07-506E-74A5-82A35D27D028" name="SIMULADO_USUARIO_FK">
<createdBy>Mauricio</createdBy>
<createdTime>2022-05-22 14:03:56 UTC</createdTime>
<generatorID>AAB5CF11-C83E-6226-0BA7-FC6EB90C2F24</generatorID>
<ownerDesignName>Atividade_fase3_cap7</ownerDesignName>
<indexState>Foreign Key</indexState>
<isSurrogateKey>false</isSurrogateKey>
<indexColumnUsage>
<colUsage columnID="3EF65BE2-EAB1-39E4-D747-1DC68DCEC9AE"/>
</indexColumnUsage>
</ind_PK_UK>
</indexes>
</Table>