<?xml version = '1.0' encoding = 'UTF-8'?>
<Table class="oracle.dbtools.crest.model.design.relational.Table" directorySegmentName="seg_0" id="3D7C77A7-2FE4-BEC3-6F3C-6C999982437F" name="ENDERECO_EMPRESA">
<createdBy>Mauricio</createdBy>
<createdTime>2022-05-22 14:03:56 UTC</createdTime>
<generatorID>08D60C9E-5CB6-B958-A8EA-C65EB47DE90B</generatorID>
<ownerDesignName>Atividade_fase3_cap7</ownerDesignName>
<allowColumnReorder>false</allowColumnReorder>
<existDependencyGenerateInDDl>true</existDependencyGenerateInDDl>
<parsed>true</parsed>
<columns itemClass="oracle.dbtools.crest.model.design.relational.Column">
<Column name="CEP" id="BDFBFA5D-1AFA-412D-AC1B-C2C8DAAF8542">
<createdBy>Mauricio</createdBy>
<createdTime>2022-05-22 14:03:56 UTC</createdTime>
<generatorID>4ECEA252-5CD3-49FE-F4E2-578A16F86426</generatorID>
<ownerDesignName>Atividade_fase3_cap7</ownerDesignName>
<useDomainConstraints>false</useDomainConstraints>
<use>1</use>
<logicalDatatype>LOGDT019</logicalDatatype>
<dataTypePrecision>8</dataTypePrecision>
<ownDataTypeParameters>,8,</ownDataTypeParameters>
<autoIncrementCycle>false</autoIncrementCycle>
</Column>
<Column name="RUA_nome_rua" id="A4070231-93E2-F655-F044-88E3EFF3C25C">
<createdBy>Mauricio</createdBy>
<createdTime>2022-05-22 14:03:56 UTC</createdTime>
<generatorID>F8935552-23AF-EBFE-566D-243B20F30923</generatorID>
<ownerDesignName>Atividade_fase3_cap7</ownerDesignName>
<useDomainConstraints>false</useDomainConstraints>
<use>1</use>
<logicalDatatype>LOGDT024</logicalDatatype>
<dataTypeSize>20 CHAR</dataTypeSize>
<ownDataTypeParameters>,,</ownDataTypeParameters>
<previousColumn>false</previousColumn>
<autoIncrementCycle>false</autoIncrementCycle>
<associations>
<colAssociation fkAssociation="BE83C617-68B8-9F90-784A-B8AC43050637" referredColumn="8ED1E6E2-C896-45D4-BCD1-0D5206162F79"/>
</associations>
</Column>
<Column name="USUARIO_cod_usuario" id="92F8B9E9-F71D-3201-E3E5-BDAFBE7FB75A">
<createdBy>Mauricio</createdBy>
<createdTime>2022-05-22 14:03:56 UTC</createdTime>
<generatorID>B2A93F1B-2B33-4B4A-CFE0-3737B860494F</generatorID>
<ownerDesignName>Atividade_fase3_cap7</ownerDesignName>
<nullsAllowed>true</nullsAllowed>
<useDomainConstraints>false</useDomainConstraints>
<use>1</use>
<logicalDatatype>LOGDT019</logicalDatatype>
<ownDataTypeParameters>,,</ownDataTypeParameters>
<previousColumn>false</previousColumn>
<autoIncrementCycle>false</autoIncrementCycle>
<associations>
<colAssociation fkAssociation="69062AA4-57E8-BE7E-897F-54632D39571C" referredColumn="150F79AD-E80C-FC1E-F283-45749A842CE0"/>
</associations>
</Column>
<Column name="empresa" id="4A61D1C0-2891-FB07-BA37-91798469051A">
<createdBy>Mauricio</createdBy>
<createdTime>2022-05-22 14:03:56 UTC</createdTime>
<generatorID>CF5E583A-A2B8-2A86-8B83-534B487CD808</generatorID>
<ownerDesignName>Atividade_fase3_cap7</ownerDesignName>
<nullsAllowed>true</nullsAllowed>
<useDomainConstraints>false</useDomainConstraints>
<use>1</use>
<logicalDatatype>LOGDT024</logicalDatatype>
<dataTypeSize>20 CHAR</dataTypeSize>
<ownDataTypeParameters>20 CHAR,,</ownDataTypeParameters>
<autoIncrementCycle>false</autoIncrementCycle>
</Column>
<Column name="complemento" id="806B922A-2580-F0CD-9228-A6BF4FBB8BAF">
<createdBy>Mauricio</createdBy>
<createdTime>2022-05-22 14:03:56 UTC</createdTime>
<generatorID>5C8CA04E-27E3-BC4A-C7BA-EA381D1E3458</generatorID>
<ownerDesignName>Atividade_fase3_cap7</ownerDesignName>
<nullsAllowed>true</nullsAllowed>
<useDomainConstraints>false</useDomainConstraints>
<use>1</use>
<logicalDatatype>LOGDT024</logicalDatatype>
<dataTypeSize>10 CHAR</dataTypeSize>
<ownDataTypeParameters>10 CHAR,,</ownDataTypeParameters>
<autoIncrementCycle>false</autoIncrementCycle>
</Column>
</columns>
<indexes itemClass="oracle.dbtools.crest.model.design.relational.Index">
<ind_PK_UK id="0CD82720-17D5-9933-56D8-0075A462FB68" name="ENDERECO_EMPRESA_PK">
<createdBy>Mauricio</createdBy>
<createdTime>2022-05-22 14:03:56 UTC</createdTime>
<generatorID>1B33F519-3903-0C8A-C3F6-E150B2B9B4FC</generatorID>
<ownerDesignName>Atividade_fase3_cap7</ownerDesignName>
<pk>true</pk>
<indexState>Primary Constraint</indexState>
<isSurrogateKey>false</isSurrogateKey>
<indexColumnUsage>
<colUsage columnID="BDFBFA5D-1AFA-412D-AC1B-C2C8DAAF8542"/>
</indexColumnUsage>
</ind_PK_UK>
<ind_PK_UK id="466A1CAC-D1A5-64E6-6F2A-2F01B3D75BA7" name="ENDERECO_EMPRESA_RUA_FK">
<createdBy>Mauricio</createdBy>
<createdTime>2022-05-22 14:03:56 UTC</createdTime>
<generatorID>E73F2143-696F-CFBC-F6FD-91EB2FED8C91</generatorID>
<ownerDesignName>Atividade_fase3_cap7</ownerDesignName>
<indexState>Foreign Key</indexState>
<isSurrogateKey>false</isSurrogateKey>
<indexColumnUsage>
<colUsage columnID="A4070231-93E2-F655-F044-88E3EFF3C25C"/>
</indexColumnUsage>
</ind_PK_UK>
<ind_PK_UK id="25223B10-9C08-1E31-BC12-F163615414F8" name="ENDERECO_EMPRESA_USUARIO_FK">
<createdBy>Mauricio</createdBy>
<createdTime>2022-05-22 14:03:56 UTC</createdTime>
<generatorID>46507AC9-A21E-D016-D762-48033DF4609E</generatorID>
<ownerDesignName>Atividade_fase3_cap7</ownerDesignName>
<indexState>Foreign Key</indexState>
<isSurrogateKey>false</isSurrogateKey>
<indexColumnUsage>
<colUsage columnID="92F8B9E9-F71D-3201-E3E5-BDAFBE7FB75A"/>
</indexColumnUsage>
</ind_PK_UK>
</indexes>
</Table>