<?xml version = '1.0' encoding = 'UTF-8'?>
<Table class="oracle.dbtools.crest.model.design.relational.Table" directorySegmentName="seg_0" id="5E96F2A0-314D-8D9B-D081-D5CD9AD6EB01" name="ENDERECO_RESIDEN">
<createdBy>Mauricio</createdBy>
<createdTime>2022-05-22 14:03:56 UTC</createdTime>
<generatorID>C9BFBE89-1784-572A-7782-04FFA0B88E71</generatorID>
<ownerDesignName>Atividade_fase3_cap7</ownerDesignName>
<allowColumnReorder>false</allowColumnReorder>
<existDependencyGenerateInDDl>true</existDependencyGenerateInDDl>
<parsed>true</parsed>
<columns itemClass="oracle.dbtools.crest.model.design.relational.Column">
<Column name="CEP" id="A6345A7C-8D01-71DC-EEA3-1E19B1AB5804">
<createdBy>Mauricio</createdBy>
<createdTime>2022-05-22 14:03:56 UTC</createdTime>
<generatorID>65305644-6DEE-D71B-2AD0-7AF5046B0573</generatorID>
<ownerDesignName>Atividade_fase3_cap7</ownerDesignName>
<useDomainConstraints>false</useDomainConstraints>
<use>1</use>
<logicalDatatype>LOGDT019</logicalDatatype>
<dataTypePrecision>8</dataTypePrecision>
<ownDataTypeParameters>,8,</ownDataTypeParameters>
<autoIncrementCycle>false</autoIncrementCycle>
</Column>
<Column name="USUARIO_cod_usuario" id="F7DB4462-3966-B5BE-9494-2D2B628DA487">
<createdBy>Mauricio</createdBy>
<createdTime>2022-05-22 14:03:56 UTC</createdTime>
<generatorID>A9CF929F-214C-A0A2-B489-472817E7ACE3</generatorID>
<ownerDesignName>Atividade_fase3_cap7</ownerDesignName>
<useDomainConstraints>false</useDomainConstraints>
<use>1</use>
<logicalDatatype>LOGDT019</logicalDatatype>
<ownDataTypeParameters>,,</ownDataTypeParameters>
<previousColumn>false</previousColumn>
<autoIncrementCycle>false</autoIncrementCycle>
<associations>
<colAssociation fkAssociation="3BCC2E28-DFC6-08DC-E675-87A764F8C65B" referredColumn="150F79AD-E80C-FC1E-F283-45749A842CE0"/>
</associations>
</Column>
<Column name="RUA_nome_rua" id="E8B2E89A-A5D8-D0FD-943C-D8B7B6E67824">
<createdBy>Mauricio</createdBy>
<createdTime>2022-05-22 14:03:56 UTC</createdTime>
<generatorID>8F0D4934-A531-989E-D030-92489EA9AD5C</generatorID>
<ownerDesignName>Atividade_fase3_cap7</ownerDesignName>
<useDomainConstraints>false</useDomainConstraints>
<use>1</use>
<logicalDatatype>LOGDT024</logicalDatatype>
<dataTypeSize>20 CHAR</dataTypeSize>
<ownDataTypeParameters>,,</ownDataTypeParameters>
<previousColumn>false</previousColumn>
<autoIncrementCycle>false</autoIncrementCycle>
<associations>
<colAssociation fkAssociation="D3E7C54F-9E2C-2242-FFCD-CF8AEA5AD56F" referredColumn="8ED1E6E2-C896-45D4-BCD1-0D5206162F79"/>
</associations>
</Column>
<Column name="complemento" id="76AED4D5-BF31-2288-94BD-08888A1370F5">
<createdBy>Mauricio</createdBy>
<createdTime>2022-05-22 14:03:56 UTC</createdTime>
<generatorID>D3BA0A23-B2D7-4E72-FF9E-00AAB30294F7</generatorID>
<ownerDesignName>Atividade_fase3_cap7</ownerDesignName>
<nullsAllowed>true</nullsAllowed>
<useDomainConstraints>false</useDomainConstraints>
<use>1</use>
<logicalDatatype>LOGDT024</logicalDatatype>
<dataTypeSize>10 CHAR</dataTypeSize>
<ownDataTypeParameters>10 CHAR,,</ownDataTypeParameters>
<autoIncrementCycle>false</autoIncrementCycle>
</Column>
</columns>
<indexes itemClass="oracle.dbtools.crest.model.design.relational.Index">
<ind_PK_UK id="EAAEEE97-AE77-8EC3-5ADC-40AB74D350EE" name="ENDERECO_RESISDENCIA_PK">
<createdBy>Mauricio</createdBy>
<createdTime>2022-05-22 14:03:56 UTC</createdTime>
<generatorID>59777286-A25E-71C5-EEC6-CC1B0EEE6F31</generatorID>
<ownerDesignName>Atividade_fase3_cap7</ownerDesignName>
<pk>true</pk>
<indexState>Primary Constraint</indexState>
<isSurrogateKey>false</isSurrogateKey>
<indexColumnUsage>
<colUsage columnID="A6345A7C-8D01-71DC-EEA3-1E19B1AB5804"/>
</indexColumnUsage>
</ind_PK_UK>
<ind_PK_UK id="14A136E9-A11B-FDB8-6621-9BC35C159E2C" name="ENDERECO_RESISDENCIA_RUA_FK">
<createdBy>Mauricio</createdBy>
<createdTime>2022-05-22 14:03:56 UTC</createdTime>
<generatorID>620EA835-0F0B-14E7-E983-93A3542F5986</generatorID>
<ownerDesignName>Atividade_fase3_cap7</ownerDesignName>
<indexState>Foreign Key</indexState>
<isSurrogateKey>false</isSurrogateKey>
<indexColumnUsage>
<colUsage columnID="E8B2E89A-A5D8-D0FD-943C-D8B7B6E67824"/>
</indexColumnUsage>
</ind_PK_UK>
<ind_PK_UK id="6B6923BE-CB6F-1F64-D939-AE77AC6CFD7A" name="ENDERECO_RESISDENCIA_US_FK">
<createdBy>Mauricio</createdBy>
<createdTime>2022-05-22 14:03:56 UTC</createdTime>
<generatorID>453D2890-837C-46B3-50B0-DDF13AA57C5F</generatorID>
<ownerDesignName>Atividade_fase3_cap7</ownerDesignName>
<indexState>Foreign Key</indexState>
<isSurrogateKey>false</isSurrogateKey>
<indexColumnUsage>
<colUsage columnID="F7DB4462-3966-B5BE-9494-2D2B628DA487"/>
</indexColumnUsage>
</ind_PK_UK>
</indexes>
</Table>