<?xml version = '1.0' encoding = 'UTF-8'?>
<Table class="oracle.dbtools.crest.model.design.relational.Table" directorySegmentName="seg_0" id="67F9BB21-1FDC-91AB-1841-16765B52D07D" name="ENTRADA">
<createdBy>Mauricio</createdBy>
<createdTime>2022-05-22 14:03:56 UTC</createdTime>
<generatorID>3EA83206-2982-3E0C-C7DD-549380C41021</generatorID>
<ownerDesignName>Atividade_fase3_cap7</ownerDesignName>
<allowColumnReorder>false</allowColumnReorder>
<existDependencyGenerateInDDl>true</existDependencyGenerateInDDl>
<parsed>true</parsed>
<columns itemClass="oracle.dbtools.crest.model.design.relational.Column">
<Column name="senha" id="67822B4B-C575-F3C3-6826-435645D75D09">
<createdBy>Mauricio</createdBy>
<createdTime>2022-05-22 14:03:56 UTC</createdTime>
<generatorID>4833B561-8AD3-7141-10C4-55B0560A1ED0</generatorID>
<ownerDesignName>Atividade_fase3_cap7</ownerDesignName>
<useDomainConstraints>false</useDomainConstraints>
<use>1</use>
<logicalDatatype>LOGDT024</logicalDatatype>
<dataTypeSize>8 CHAR</dataTypeSize>
<ownDataTypeParameters>8 CHAR,,</ownDataTypeParameters>
<autoIncrementCycle>false</autoIncrementCycle>
</Column>
<Column name="USUARIO_cod_usuario" id="27D625FC-D4D3-F37E-49D2-C2F1145BCF3F">
<createdBy>Mauricio</createdBy>
<createdTime>2022-05-22 14:03:56 UTC</createdTime>
<generatorID>A90C8A8A-0F1F-88CE-6A05-22A94844DE3C</generatorID>
<ownerDesignName>Atividade_fase3_cap7</ownerDesignName>
<useDomainConstraints>false</useDomainConstraints>
<use>1</use>
<logicalDatatype>LOGDT019</logicalDatatype>
<ownDataTypeParameters>,,</ownDataTypeParameters>
<previousColumn>false</previousColumn>
<autoIncrementCycle>false</autoIncrementCycle>
<associations>
<colAssociation fkAssociation="2B929E23-46A4-B537-2165-1C105DAC7BAC" referredColumn="150F79AD-E80C-FC1E-F283-45749A842CE0"/>
</associations>
</Column>
<Column name="cod_usuario" id="A0F02CCD-2827-52F2-56AF-E8FBE778200A">
<createdBy>Mauricio</createdBy>
<createdTime>2022-05-22 17:32:25 UTC</createdTime>
<generatorID>1C4DA8A5-49E7-6AC7-F92E-D4481B1212B8</generatorID>
<ownerDesignName>Atividade_fase3_cap7</ownerDesignName>
<useDomainConstraints>false</useDomainConstraints>
<use>1</use>
<logicalDatatype>LOGDT019</logicalDatatype>
<ownDataTypeParameters>,,</ownDataTypeParameters>
<previousColumn>false</previousColumn>
<autoIncrementCycle>false</autoIncrementCycle>
</Column>
</columns>
<indexes itemClass="oracle.dbtools.crest.model.design.relational.Index">
<ind_PK_UK id="5168FDE3-55E1-C829-4574-14DB4DE3A973" name="ENTRADA_PK">
<createdBy>Mauricio</createdBy>
<createdTime>2022-05-22 14:03:56 UTC</createdTime>
<generatorID>7336B49D-2EB3-97EE-0A3F-F016D3962147</generatorID>
<ownerDesignName>Atividade_fase3_cap7</ownerDesignName>
<pk>true</pk>
<indexState>Primary Constraint</indexState>
<isSurrogateKey>false</isSurrogateKey>
<indexColumnUsage>
<colUsage columnID="67822B4B-C575-F3C3-6826-435645D75D09"/>
</indexColumnUsage>
</ind_PK_UK>
<ind_PK_UK id="D1486B78-DCC7-37F7-E0F8-A6F4FEE5A4D3" name="ENTRADA__IDX">
<createdBy>Mauricio</createdBy>
<createdTime>2022-05-22 14:03:56 UTC</createdTime>
<ownerDesignName>Atividade_fase3_cap7</ownerDesignName>
<indexState>Unique Plain Index</indexState>
<isSurrogateKey>false</isSurrogateKey>
<relationGeneratorID>D1228EE8-562E-A472-0254-31335499C460</relationGeneratorID>
<indexColumnUsage>
<colUsage columnID="27D625FC-D4D3-F37E-49D2-C2F1145BCF3F"/>
</indexColumnUsage>
</ind_PK_UK>
<ind_PK_UK id="A178540C-A923-FB3B-7FE2-72C1A7BD22E5" name="ENTRADA_USUARIO_FK">
<createdBy>Mauricio</createdBy>
<createdTime>2022-05-22 14:43:18 UTC</createdTime>
<generatorID>D1228EE8-562E-A472-0254-31335499C460</generatorID>
<ownerDesignName>Atividade_fase3_cap7</ownerDesignName>
<indexState>Foreign Key</indexState>
<isSurrogateKey>false</isSurrogateKey>
<indexColumnUsage>
<colUsage columnID="27D625FC-D4D3-F37E-49D2-C2F1145BCF3F"/>
</indexColumnUsage>
</ind_PK_UK>
</indexes>
</Table>