<?xml version = '1.0' encoding = 'UTF-8'?>
<Table class="oracle.dbtools.crest.model.design.relational.Table" directorySegmentName="seg_0" id="98D001DF-A78A-7CA5-896D-0FD6987C1273" name="VALOR_PRE_APROVADO">
<createdBy>Mauricio</createdBy>
<createdTime>2022-05-22 14:03:56 UTC</createdTime>
<generatorID>458CAE14-242E-B3BC-4495-C63CE7DBC32D</generatorID>
<ownerDesignName>Atividade_fase3_cap7</ownerDesignName>
<allowColumnReorder>false</allowColumnReorder>
<existDependencyGenerateInDDl>true</existDependencyGenerateInDDl>
<parsed>true</parsed>
<columns itemClass="oracle.dbtools.crest.model.design.relational.Column">
<Column name="cod_valor" id="B37C0375-D5C5-D1EF-1F26-86EF47522044">
<createdBy>Mauricio</createdBy>
<createdTime>2022-05-22 14:03:56 UTC</createdTime>
<generatorID>B72FC684-6591-76DB-74B3-83617EA3BC98</generatorID>
<ownerDesignName>Atividade_fase3_cap7</ownerDesignName>
<useDomainConstraints>false</useDomainConstraints>
<use>1</use>
<logicalDatatype>LOGDT019</logicalDatatype>
<ownDataTypeParameters>,,</ownDataTypeParameters>
<autoIncrementCycle>false</autoIncrementCycle>
</Column>
<Column name="USUARIO_cod_usuario" id="DB85922F-E14C-CCF9-3120-2E8F17CA82A5">
<createdBy>Mauricio</createdBy>
<createdTime>2022-05-22 14:03:56 UTC</createdTime>
<generatorID>FB8418C3-A053-F5F9-AC87-F9344FBC6242</generatorID>
<ownerDesignName>Atividade_fase3_cap7</ownerDesignName>
<useDomainConstraints>false</useDomainConstraints>
<use>1</use>
<logicalDatatype>LOGDT019</logicalDatatype>
<ownDataTypeParameters>,,</ownDataTypeParameters>
<previousColumn>false</previousColumn>
<autoIncrementCycle>false</autoIncrementCycle>
<associations>
<colAssociation fkAssociation="11FC8C6A-F115-7E57-00D5-A1EED0629629" referredColumn="150F79AD-E80C-FC1E-F283-45749A842CE0"/>
</associations>
</Column>
<Column name="valor" id="EBF835B5-5CD6-DBA8-4250-414576F5AD59">
<createdBy>Mauricio</createdBy>
<createdTime>2022-05-22 14:03:56 UTC</createdTime>
<generatorID>7E8AA60B-17AC-1FF0-55E0-7F7EDF8B1B57</generatorID>
<ownerDesignName>Atividade_fase3_cap7</ownerDesignName>
<useDomainConstraints>false</useDomainConstraints>
<use>1</use>
<logicalDatatype>LOGDT019</logicalDatatype>
<dataTypePrecision>6</dataTypePrecision>
<ownDataTypeParameters>,6,</ownDataTypeParameters>
<autoIncrementCycle>false</autoIncrementCycle>
</Column>
<Column name="parcelas" id="667A940F-8C56-D183-9E37-CCCD748D9734">
<createdBy>Mauricio</createdBy>
<createdTime>2022-05-22 14:03:56 UTC</createdTime>
<generatorID>6460C9DF-3A7C-8842-0971-B09A8B1CEEC4</generatorID>
<ownerDesignName>Atividade_fase3_cap7</ownerDesignName>
<useDomainConstraints>false</useDomainConstraints>
<use>1</use>
<logicalDatatype>LOGDT019</logicalDatatype>
<dataTypePrecision>2</dataTypePrecision>
<ownDataTypeParameters>,2,</ownDataTypeParameters>
<autoIncrementCycle>false</autoIncrementCycle>
</Column>
<Column name="data" id="822B24B0-70BF-FD8C-DECF-48D2041B6283">
<createdBy>Mauricio</createdBy>
<createdTime>2022-05-22 14:03:56 UTC</createdTime>
<generatorID>9B07AB0D-135E-0745-9C16-EF8A4FA6C734</generatorID>
<ownerDesignName>Atividade_fase3_cap7</ownerDesignName>
<useDomainConstraints>false</useDomainConstraints>
<use>1</use>
<logicalDatatype>LOGDT007</logicalDatatype>
<ownDataTypeParameters>,,</ownDataTypeParameters>
<autoIncrementCycle>false</autoIncrementCycle>
</Column>
</columns>
<indexes itemClass="oracle.dbtools.crest.model.design.relational.Index">
<ind_PK_UK id="ED51527B-5542-0FEA-6E45-52BA10698ABB" name="VALOR_PRE_APROVADO_PK">
<createdBy>Mauricio</createdBy>
<createdTime>2022-05-22 14:03:56 UTC</createdTime>
<generatorID>529A7CF3-EDA0-5146-0895-52F982A4F917</generatorID>
<ownerDesignName>Atividade_fase3_cap7</ownerDesignName>
<pk>true</pk>
<indexState>Primary Constraint</indexState>
<isSurrogateKey>false</isSurrogateKey>
<indexColumnUsage>
<colUsage columnID="B37C0375-D5C5-D1EF-1F26-86EF47522044"/>
</indexColumnUsage>
</ind_PK_UK>
<ind_PK_UK id="38FEB783-A778-99BC-64EE-4D668207ED1D" name="VALOR_PRE_APROVADO__IDX">
<createdBy>Mauricio</createdBy>
<createdTime>2022-05-22 14:03:56 UTC</createdTime>
<ownerDesignName>Atividade_fase3_cap7</ownerDesignName>
<indexState>Unique Plain Index</indexState>
<isSurrogateKey>false</isSurrogateKey>
<relationGeneratorID>A574E620-9A19-BF9C-E621-C8A31B2C0D60</relationGeneratorID>
<indexColumnUsage>
<colUsage columnID="DB85922F-E14C-CCF9-3120-2E8F17CA82A5"/>
</indexColumnUsage>
</ind_PK_UK>
<ind_PK_UK id="F941FF86-A5F1-5E23-4371-DEA345067F85" name="VALOR_PRE_APROVADO_USUARIO_FK">
<createdBy>Mauricio</createdBy>
<createdTime>2022-05-22 14:43:18 UTC</createdTime>
<generatorID>A574E620-9A19-BF9C-E621-C8A31B2C0D60</generatorID>
<ownerDesignName>Atividade_fase3_cap7</ownerDesignName>
<indexState>Foreign Key</indexState>
<isSurrogateKey>false</isSurrogateKey>
<indexColumnUsage>
<colUsage columnID="DB85922F-E14C-CCF9-3120-2E8F17CA82A5"/>
</indexColumnUsage>
</ind_PK_UK>
</indexes>
</Table>