<?xml version = '1.0' encoding = 'UTF-8'?>
<Table class="oracle.dbtools.crest.model.design.relational.Table" directorySegmentName="seg_0" id="A3723D6E-5137-35DE-D75C-EE3A9F1DA014" name="TELEFONE_EMPRESA">
<createdBy>Mauricio</createdBy>
<createdTime>2022-05-22 14:03:56 UTC</createdTime>
<generatorID>BE2B5FA0-B048-2723-DE89-3600E9FA629B</generatorID>
<ownerDesignName>Atividade_fase3_cap7</ownerDesignName>
<allowColumnReorder>false</allowColumnReorder>
<existDependencyGenerateInDDl>true</existDependencyGenerateInDDl>
<parsed>true</parsed>
<columns itemClass="oracle.dbtools.crest.model.design.relational.Column">
<Column name="telefone" id="DCCEDED7-DEC1-6DD3-577A-EE8FB239CCAC">
<createdBy>Mauricio</createdBy>
<createdTime>2022-05-22 14:03:56 UTC</createdTime>
<generatorID>11F8E842-1E39-C293-5B79-958DB30192FC</generatorID>
<ownerDesignName>Atividade_fase3_cap7</ownerDesignName>
<useDomainConstraints>false</useDomainConstraints>
<use>1</use>
<logicalDatatype>LOGDT019</logicalDatatype>
<dataTypePrecision>11</dataTypePrecision>
<ownDataTypeParameters>,11,</ownDataTypeParameters>
<autoIncrementCycle>false</autoIncrementCycle>
</Column>
<Column name="USUARIO_cod_usuario" id="C6354DFB-5036-801D-E6A4-43817B4F33E8">
<createdBy>Mauricio</createdBy>
<createdTime>2022-05-22 14:03:56 UTC</createdTime>
<generatorID>0234C03A-191E-571B-EC9F-D949C8B909CB</generatorID>
<ownerDesignName>Atividade_fase3_cap7</ownerDesignName>
<nullsAllowed>true</nullsAllowed>
<useDomainConstraints>false</useDomainConstraints>
<use>1</use>
<logicalDatatype>LOGDT019</logicalDatatype>
<ownDataTypeParameters>,,</ownDataTypeParameters>
<previousColumn>false</previousColumn>
<autoIncrementCycle>false</autoIncrementCycle>
<associations>
<colAssociation fkAssociation="5287D6FB-076F-8547-994F-637215144E30" referredColumn="150F79AD-E80C-FC1E-F283-45749A842CE0"/>
</associations>
</Column>
<Column name="ramal" id="754123B5-C7EE-FDD3-F30C-70EB45B1F107">
<createdBy>Mauricio</createdBy>
<createdTime>2022-05-22 14:03:56 UTC</createdTime>
<generatorID>4AF3F0D9-5917-E0CD-3CA7-9152D431508B</generatorID>
<ownerDesignName>Atividade_fase3_cap7</ownerDesignName>
<nullsAllowed>true</nullsAllowed>
<useDomainConstraints>false</useDomainConstraints>
<use>1</use>
<logicalDatatype>LOGDT019</logicalDatatype>
<ownDataTypeParameters>,,</ownDataTypeParameters>
<autoIncrementCycle>false</autoIncrementCycle>
</Column>
</columns>
<indexes itemClass="oracle.dbtools.crest.model.design.relational.Index">
<ind_PK_UK id="35543175-F157-C325-4B3B-AB54B27A9510" name="TELEFONE_EMPRESA_PK">
<createdBy>Mauricio</createdBy>
<createdTime>2022-05-22 14:03:56 UTC</createdTime>
<generatorID>B35439D8-D815-2762-3D7E-29C5D05E5F00</generatorID>
<ownerDesignName>Atividade_fase3_cap7</ownerDesignName>
<pk>true</pk>
<indexState>Primary Constraint</indexState>
<isSurrogateKey>false</isSurrogateKey>
<indexColumnUsage>
<colUsage columnID="DCCEDED7-DEC1-6DD3-577A-EE8FB239CCAC"/>
</indexColumnUsage>
</ind_PK_UK>
<ind_PK_UK id="6E6DEA6F-0908-1BA8-94AE-AEF50DDF4FDF" name="TELEFONE_EMPRESA_USUARIO_FK">
<createdBy>Mauricio</createdBy>
<createdTime>2022-05-22 14:03:56 UTC</createdTime>
<generatorID>34204841-5CC2-52C7-77D0-48CD4E93F224</generatorID>
<ownerDesignName>Atividade_fase3_cap7</ownerDesignName>
<indexState>Foreign Key</indexState>
<isSurrogateKey>false</isSurrogateKey>
<indexColumnUsage>
<colUsage columnID="C6354DFB-5036-801D-E6A4-43817B4F33E8"/>
</indexColumnUsage>
</ind_PK_UK>
</indexes>
</Table>