<?xml version = '1.0' encoding = 'UTF-8'?>
<Table class="oracle.dbtools.crest.model.design.relational.Table" directorySegmentName="seg_0" id="BCD8D3BB-EE18-A3BD-4E86-5D98B9F545A7" name="TELEFONE_CEL">
<createdBy>Mauricio</createdBy>
<createdTime>2022-05-22 14:03:56 UTC</createdTime>
<generatorID>971D0022-49A7-18DB-9411-D965F5C3DBDB</generatorID>
<ownerDesignName>Atividade_fase3_cap7</ownerDesignName>
<allowColumnReorder>false</allowColumnReorder>
<existDependencyGenerateInDDl>true</existDependencyGenerateInDDl>
<parsed>true</parsed>
<columns itemClass="oracle.dbtools.crest.model.design.relational.Column">
<Column name="telefone_celular" id="1120E153-1393-D804-657B-F91CE77EB356">
<createdBy>Mauricio</createdBy>
<createdTime>2022-05-22 14:03:56 UTC</createdTime>
<generatorID>9976640E-910E-4E25-2614-D6848624B81B</generatorID>
<ownerDesignName>Atividade_fase3_cap7</ownerDesignName>
<useDomainConstraints>false</useDomainConstraints>
<use>1</use>
<logicalDatatype>LOGDT019</logicalDatatype>
<dataTypePrecision>11</dataTypePrecision>
<ownDataTypeParameters>,11,</ownDataTypeParameters>
<autoIncrementCycle>false</autoIncrementCycle>
</Column>
<Column name="USUARIO_cod_usuario" id="0661CF2C-3D43-7880-9BCB-CF79B623EFA4">
<createdBy>Mauricio</createdBy>
<createdTime>2022-05-22 14:03:56 UTC</createdTime>
<generatorID>7DE1979F-2687-740A-C106-DF75F0F32EA5</generatorID>
<ownerDesignName>Atividade_fase3_cap7</ownerDesignName>
<useDomainConstraints>false</useDomainConstraints>
<use>1</use>
<logicalDatatype>LOGDT019</logicalDatatype>
<ownDataTypeParameters>,,</ownDataTypeParameters>
<previousColumn>false</previousColumn>
<autoIncrementCycle>false</autoIncrementCycle>
<associations>
<colAssociation fkAssociation="261E10C3-B6EE-9BB3-5E59-94AADB34EFD7" referredColumn="150F79AD-E80C-FC1E-F283-45749A842CE0"/>
</associations>
</Column>
</columns>
<indexes itemClass="oracle.dbtools.crest.model.design.relational.Index">
<ind_PK_UK id="390F4E77-74AA-9773-E685-FC86C46C69E2" name="TELEFONE_CEL_PK">
<createdBy>Mauricio</createdBy>
<createdTime>2022-05-22 14:03:56 UTC</createdTime>
<generatorID>AC430F20-9481-C47C-601A-7236258E8754</generatorID>
<ownerDesignName>Atividade_fase3_cap7</ownerDesignName>
<pk>true</pk>
<indexState>Primary Constraint</indexState>
<isSurrogateKey>false</isSurrogateKey>
<indexColumnUsage>
<colUsage columnID="1120E153-1393-D804-657B-F91CE77EB356"/>
</indexColumnUsage>
</ind_PK_UK>
<ind_PK_UK id="860F7E0D-DDE6-086F-40BE-E7477D0EC88A" name="TELEFONE_CEL__IDX">
<createdBy>Mauricio</createdBy>
<createdTime>2022-05-22 14:03:56 UTC</createdTime>
<ownerDesignName>Atividade_fase3_cap7</ownerDesignName>
<indexState>Unique Plain Index</indexState>
<isSurrogateKey>false</isSurrogateKey>
<relationGeneratorID>01A3CC0C-F54C-B2AC-DDE9-69E32FD651B5</relationGeneratorID>
<indexColumnUsage>
<colUsage columnID="0661CF2C-3D43-7880-9BCB-CF79B623EFA4"/>
</indexColumnUsage>
</ind_PK_UK>
<ind_PK_UK id="CF014295-FE3C-D4BC-5E99-26D9078D69FF" name="TELEFONE_CEL_USUARIO_FK">
<createdBy>Mauricio</createdBy>
<createdTime>2022-05-22 14:43:18 UTC</createdTime>
<generatorID>01A3CC0C-F54C-B2AC-DDE9-69E32FD651B5</generatorID>
<ownerDesignName>Atividade_fase3_cap7</ownerDesignName>
<indexState>Foreign Key</indexState>
<isSurrogateKey>false</isSurrogateKey>
<indexColumnUsage>
<colUsage columnID="0661CF2C-3D43-7880-9BCB-CF79B623EFA4"/>
</indexColumnUsage>
</ind_PK_UK>
</indexes>
</Table>