<?xml version = '1.0' encoding = 'UTF-8'?>
<Table class="oracle.dbtools.crest.model.design.relational.Table" directorySegmentName="seg_0" id="DC50CAA7-BC9D-7C36-9445-DFA4688D6A7D" name="CIDADE">
<createdBy>Mauricio</createdBy>
<createdTime>2022-05-22 14:03:56 UTC</createdTime>
<generatorID>E6869D56-CB6A-2531-3F5A-90EBFCA956B4</generatorID>
<ownerDesignName>Atividade_fase3_cap7</ownerDesignName>
<allowColumnReorder>false</allowColumnReorder>
<existDependencyGenerateInDDl>true</existDependencyGenerateInDDl>
<parsed>true</parsed>
<columns itemClass="oracle.dbtools.crest.model.design.relational.Column">
<Column name="nome_cidade" id="F16B38E2-BB6C-C72A-225D-143134E4DA5B">
<createdBy>Mauricio</createdBy>
<createdTime>2022-05-22 14:03:56 UTC</createdTime>
<generatorID>287D0632-8E66-1305-8D7F-3752846973F6</generatorID>
<ownerDesignName>Atividade_fase3_cap7</ownerDesignName>
<useDomainConstraints>false</useDomainConstraints>
<use>1</use>
<logicalDatatype>LOGDT024</logicalDatatype>
<dataTypeSize>20 CHAR</dataTypeSize>
<ownDataTypeParameters>20 CHAR,,</ownDataTypeParameters>
<autoIncrementCycle>false</autoIncrementCycle>
</Column>
<Column name="ESTADO_nome_estado" id="CCE3D615-9AFC-8BBC-7790-DE7EE5228C56">
<createdBy>Mauricio</createdBy>
<createdTime>2022-05-22 14:03:56 UTC</createdTime>
<generatorID>BF7588F6-76C8-21D9-948C-A88AFD5825DF</generatorID>
<ownerDesignName>Atividade_fase3_cap7</ownerDesignName>
<useDomainConstraints>false</useDomainConstraints>
<use>1</use>
<logicalDatatype>LOGDT024</logicalDatatype>
<dataTypeSize>10 CHAR</dataTypeSize>
<ownDataTypeParameters>,,</ownDataTypeParameters>
<previousColumn>false</previousColumn>
<autoIncrementCycle>false</autoIncrementCycle>
<associations>
<colAssociation fkAssociation="E896C1BF-8861-E70A-B45F-0E8028A2BB16" referredColumn="AA48E8F2-FAF3-5E0A-1EBA-F58E0295C475"/>
</associations>
</Column>
</columns>
<indexes itemClass="oracle.dbtools.crest.model.design.relational.Index">
<ind_PK_UK id="6F0CEE5D-6204-1C52-96FC-A9C0437CF0D2" name="CIDADE_PK">
<createdBy>Mauricio</createdBy>
<createdTime>2022-05-22 14:03:56 UTC</createdTime>
<generatorID>BC37D99D-25A2-AE62-2C88-742BD8007C4C</generatorID>
<ownerDesignName>Atividade_fase3_cap7</ownerDesignName>
<pk>true</pk>
<indexState>Primary Constraint</indexState>
<isSurrogateKey>false</isSurrogateKey>
<indexColumnUsage>
<colUsage columnID="F16B38E2-BB6C-C72A-225D-143134E4DA5B"/>
</indexColumnUsage>
</ind_PK_UK>
<ind_PK_UK id="0593EE22-904D-B2BA-AFD3-670B33EB048F" name="CIDADE_ESTADO_FK">
<createdBy>Mauricio</createdBy>
<createdTime>2022-05-22 14:03:56 UTC</createdTime>
<generatorID>1514CB9C-BE49-5910-C9C3-A5137C548D7F</generatorID>
<ownerDesignName>Atividade_fase3_cap7</ownerDesignName>
<indexState>Foreign Key</indexState>
<isSurrogateKey>false</isSurrogateKey>
<indexColumnUsage>
<colUsage columnID="CCE3D615-9AFC-8BBC-7790-DE7EE5228C56"/>
</indexColumnUsage>
</ind_PK_UK>
</indexes>
</Table>