<?xml version = '1.0' encoding = 'UTF-8'?>
<Diagram class="oracle.dbtools.crest.swingui.logical.DPVLogical" name="Logical" id="309511E8-0D17-1E8F-25CC-186EDAFED870">
<createdBy>Mauricio</createdBy>
<modifiedBy>Mauricio</modifiedBy>
<createdTime>2022-05-06 12:28:27 UTC</createdTime>
<autoRoute>false</autoRoute>
<boxInbox>true</boxInbox>
<showLegend>false</showLegend>
<showLabels>false</showLabels>
<showRelAttributes>false</showRelAttributes>
<gridEnabled>false</gridEnabled>
<showGrid>false</showGrid>
<diagramColor>-1</diagramColor>
<display>false</display>
<notation>2</notation>
<objectViews>
<OView class="oracle.dbtools.crest.swingui.logical.TVEntity" oid="06E0E453-F3C6-DC1E-43CA-13F26833C75C" otype="Entity" vid="7E1E6D63-9E32-2BEB-5602-171234B43D0D">
<hideElementsInCurrentOnly>false</hideElementsInCurrentOnly>
<bounds x="11" y="207" width="268" height="101"/>
</OView>
<OView class="oracle.dbtools.crest.swingui.logical.TVEntity" oid="08D60C9E-5CB6-B958-A8EA-C65EB47DE90B" otype="Entity" vid="810D72B8-426A-B6C3-2CCB-6BA574E98843">
<hideElementsInCurrentOnly>false</hideElementsInCurrentOnly>
<bounds x="462" y="635" width="222" height="148"/>
</OView>
<OView class="oracle.dbtools.crest.swingui.logical.TVEntity" oid="19781014-2E3C-69B5-B287-124423F62507" otype="Entity" vid="58ABBCFA-7290-4AEE-183B-4F1C8930A2D5">
<hideElementsInCurrentOnly>false</hideElementsInCurrentOnly>
<bounds x="366" y="849" width="237" height="92"/>
</OView>
<OView class="oracle.dbtools.crest.swingui.logical.TVEntity" oid="3EA83206-2982-3E0C-C7DD-549380C41021" otype="Entity" vid="F67EEB7E-195D-95D1-BB3C-1559BA385DF0">
<hideElementsInCurrentOnly>false</hideElementsInCurrentOnly>
<bounds x="359" y="71" width="256" height="124"/>
</OView>
<OView class="oracle.dbtools.crest.swingui.logical.TVEntity" oid="458CAE14-242E-B3BC-4495-C63CE7DBC32D" otype="Entity" vid="0597B842-4503-A774-CEA8-5FAE10A3E96B">
<hideElementsInCurrentOnly>false</hideElementsInCurrentOnly>
<bounds x="760" y="78" width="258" height="155"/>
</OView>
<OView class="oracle.dbtools.crest.swingui.logical.TVEntity" oid="67DA39B4-2B38-F0F3-6EE7-7AA4C752D055" otype="Entity" vid="8912697F-0ADF-8223-1B47-A415ECAB65EE">
<hideElementsInCurrentOnly>false</hideElementsInCurrentOnly>
<bounds x="363" y="1277" width="244" height="74"/>
</OView>
<OView class="oracle.dbtools.crest.swingui.logical.TVEntity" oid="971D0022-49A7-18DB-9411-D965F5C3DBDB" otype="Entity" vid="300E3561-2D57-FD93-D4BF-3971511A55BC">
<hideElementsInCurrentOnly>false</hideElementsInCurrentOnly>
<bounds x="16" y="316" width="267" height="119"/>
</OView>
<OView class="oracle.dbtools.crest.swingui.logical.TVEntity" oid="9A2B6407-E293-FF14-9330-074F395456D8" otype="Entity" vid="95A3F4CD-C65F-55A0-2644-3FCE37D8268C">
<hideElementsInCurrentOnly>false</hideElementsInCurrentOnly>
<bounds x="365" y="274" width="291" height="248"/>
</OView>
<OView class="oracle.dbtools.crest.swingui.logical.TVEntity" oid="AE89B604-B2CA-DA87-E279-80EC98D34235" otype="Entity" vid="B62CC2E5-C913-E1E6-C275-6CAF4BD47316">
<hideElementsInCurrentOnly>false</hideElementsInCurrentOnly>
<bounds x="779" y="538" width="234" height="140"/>
</OView>
<OView class="oracle.dbtools.crest.swingui.logical.TVEntity" oid="BE2B5FA0-B048-2723-DE89-3600E9FA629B" otype="Entity" vid="FBD94BFA-DCCC-3ADE-E6EA-03CCD7B8E457">
<hideElementsInCurrentOnly>false</hideElementsInCurrentOnly>
<bounds x="22" y="470" width="268" height="116"/>
</OView>
<OView class="oracle.dbtools.crest.swingui.logical.TVEntity" oid="C9BFBE89-1784-572A-7782-04FFA0B88E71" otype="Entity" vid="4F0964B1-4106-2822-0539-DAEAEADA92A1">
<hideElementsInCurrentOnly>false</hideElementsInCurrentOnly>
<bounds x="203" y="641" width="238" height="142"/>
</OView>
<OView class="oracle.dbtools.crest.swingui.logical.TVEntity" oid="D7B459BB-9400-B9FF-5373-887BE9A28FFC" otype="Entity" vid="39648BF4-6036-2C28-7D0F-66724CDBA98C">
<hideElementsInCurrentOnly>false</hideElementsInCurrentOnly>
<bounds x="366" y="996" width="239" height="76"/>
</OView>
<OView class="oracle.dbtools.crest.swingui.logical.TVEntity" oid="E6869D56-CB6A-2531-3F5A-90EBFCA956B4" otype="Entity" vid="409AE747-2A3F-FF86-F664-01C537801CB8">
<hideElementsInCurrentOnly>false</hideElementsInCurrentOnly>
<bounds x="368" y="1133" width="238" height="76"/>
</OView>
<OView class="oracle.dbtools.crest.swingui.logical.TVEntity" oid="F27647FD-EE2B-E16A-8A78-12C9AF273A4F" otype="Entity" vid="4A644D8B-74B7-AD18-4E12-8DA8726857F4">
<hideElementsInCurrentOnly>false</hideElementsInCurrentOnly>
<bounds x="777" y="304" width="206" height="164"/>
</OView>
</objectViews>
<connectors>
<Connector class="oracle.dbtools.crest.swingui.logical.TVRelation" oid="01A3CC0C-F54C-B2AC-DDE9-69E32FD651B5" otype="Relation" vid_source="300E3561-2D57-FD93-D4BF-3971511A55BC" vid_target="95A3F4CD-C65F-55A0-2644-3FCE37D8268C">
<hideElementsInCurrentOnly>false</hideElementsInCurrentOnly>
<backgroundColor>-16777216</backgroundColor>
<lineWidth>1</lineWidth>
<points>
<point x="283" y="390"/>
<point x="365" y="390"/>
</points>
</Connector>
<Connector class="oracle.dbtools.crest.swingui.logical.TVRelation" oid="0F38A2E4-D814-9AF9-7F36-F79AA7D9F59D" otype="Relation" vid_source="95A3F4CD-C65F-55A0-2644-3FCE37D8268C" vid_target="7E1E6D63-9E32-2BEB-5602-171234B43D0D">
<hideElementsInCurrentOnly>false</hideElementsInCurrentOnly>
<backgroundColor>-16777216</backgroundColor>
<lineWidth>1</lineWidth>
<points>
<point x="365" y="276"/>
<point x="279" y="276"/>
</points>
</Connector>
<Connector class="oracle.dbtools.crest.swingui.logical.TVRelation" oid="1514CB9C-BE49-5910-C9C3-A5137C548D7F" otype="Relation" vid_source="8912697F-0ADF-8223-1B47-A415ECAB65EE" vid_target="409AE747-2A3F-FF86-F664-01C537801CB8">
<hideElementsInCurrentOnly>false</hideElementsInCurrentOnly>
<backgroundColor>-16777216</backgroundColor>
<lineWidth>1</lineWidth>
<points>
<point x="487" y="1277"/>
<point x="487" y="1209"/>
</points>
</Connector>
<Connector class="oracle.dbtools.crest.swingui.logical.TVRelation" oid="23C985A9-7879-D1D5-2C7F-474D704B0CDA" otype="Relation" vid_source="409AE747-2A3F-FF86-F664-01C537801CB8" vid_target="39648BF4-6036-2C28-7D0F-66724CDBA98C">
<hideElementsInCurrentOnly>false</hideElementsInCurrentOnly>
<backgroundColor>-16777216</backgroundColor>
<lineWidth>1</lineWidth>
<points>
<point x="486" y="1133"/>
<point x="486" y="1072"/>
</points>
</Connector>
<Connector class="oracle.dbtools.crest.swingui.logical.TVRelation" oid="34204841-5CC2-52C7-77D0-48CD4E93F224" otype="Relation" vid_source="95A3F4CD-C65F-55A0-2644-3FCE37D8268C" vid_target="FBD94BFA-DCCC-3ADE-E6EA-03CCD7B8E457">
<hideElementsInCurrentOnly>false</hideElementsInCurrentOnly>
<backgroundColor>-16777216</backgroundColor>
<lineWidth>1</lineWidth>
<points>
<point x="365" y="511"/>
<point x="290" y="511"/>
</points>
</Connector>
<Connector class="oracle.dbtools.crest.swingui.logical.TVRelation" oid="453D2890-837C-46B3-50B0-DDF13AA57C5F" otype="Relation" vid_source="95A3F4CD-C65F-55A0-2644-3FCE37D8268C" vid_target="4F0964B1-4106-2822-0539-DAEAEADA92A1">
<hideElementsInCurrentOnly>false</hideElementsInCurrentOnly>
<backgroundColor>-16777216</backgroundColor>
<lineWidth>1</lineWidth>
<points>
<point x="418" y="522"/>
<point x="418" y="641"/>
</points>
</Connector>
<Connector class="oracle.dbtools.crest.swingui.logical.TVRelation" oid="46507AC9-A21E-D016-D762-48033DF4609E" otype="Relation" vid_source="95A3F4CD-C65F-55A0-2644-3FCE37D8268C" vid_target="810D72B8-426A-B6C3-2CCB-6BA574E98843">
<hideElementsInCurrentOnly>false</hideElementsInCurrentOnly>
<backgroundColor>-16777216</backgroundColor>
<lineWidth>1</lineWidth>
<points>
<point x="559" y="522"/>
<point x="559" y="635"/>
</points>
</Connector>
<Connector class="oracle.dbtools.crest.swingui.logical.TVRelation" oid="620EA835-0F0B-14E7-E983-93A3542F5986" otype="Relation" vid_source="58ABBCFA-7290-4AEE-183B-4F1C8930A2D5" vid_target="4F0964B1-4106-2822-0539-DAEAEADA92A1">
<hideElementsInCurrentOnly>false</hideElementsInCurrentOnly>
<backgroundColor>-16777216</backgroundColor>
<lineWidth>1</lineWidth>
<points>
<point x="418" y="849"/>
<point x="418" y="783"/>
</points>
</Connector>
<Connector class="oracle.dbtools.crest.swingui.logical.TVRelation" oid="8137CE39-B8AC-4889-A71B-FBFA86A9DBC1" otype="Relation" vid_source="39648BF4-6036-2C28-7D0F-66724CDBA98C" vid_target="58ABBCFA-7290-4AEE-183B-4F1C8930A2D5">
<hideElementsInCurrentOnly>false</hideElementsInCurrentOnly>
<backgroundColor>-16777216</backgroundColor>
<lineWidth>1</lineWidth>
<points>
<point x="484" y="996"/>
<point x="484" y="941"/>
</points>
</Connector>
<Connector class="oracle.dbtools.crest.swingui.logical.TVRelation" oid="9FE2C5F3-A269-FAA5-7AD1-AD54FB66EA42" otype="Relation" vid_source="95A3F4CD-C65F-55A0-2644-3FCE37D8268C" vid_target="4A644D8B-74B7-AD18-4E12-8DA8726857F4">
<hideElementsInCurrentOnly>false</hideElementsInCurrentOnly>
<backgroundColor>-16777216</backgroundColor>
<lineWidth>1</lineWidth>
<points>
<point x="656" y="401"/>
<point x="777" y="401"/>
</points>
</Connector>
<Connector class="oracle.dbtools.crest.swingui.logical.TVRelation" oid="A574E620-9A19-BF9C-E621-C8A31B2C0D60" otype="Relation" vid_source="95A3F4CD-C65F-55A0-2644-3FCE37D8268C" vid_target="0597B842-4503-A774-CEA8-5FAE10A3E96B">
<hideElementsInCurrentOnly>false</hideElementsInCurrentOnly>
<backgroundColor>-16777216</backgroundColor>
<lineWidth>1</lineWidth>
<points>
<point x="656" y="304"/>
<point x="768" y="233"/>
</points>
</Connector>
<Connector class="oracle.dbtools.crest.swingui.logical.TVRelation" oid="AAB5CF11-C83E-6226-0BA7-FC6EB90C2F24" otype="Relation" vid_source="95A3F4CD-C65F-55A0-2644-3FCE37D8268C" vid_target="B62CC2E5-C913-E1E6-C275-6CAF4BD47316">
<hideElementsInCurrentOnly>false</hideElementsInCurrentOnly>
<backgroundColor>-16777216</backgroundColor>
<lineWidth>1</lineWidth>
<points>
<point x="656" y="477"/>
<point x="779" y="599"/>
</points>
</Connector>
<Connector class="oracle.dbtools.crest.swingui.logical.TVRelation" oid="D1228EE8-562E-A472-0254-31335499C460" otype="Relation" vid_source="F67EEB7E-195D-95D1-BB3C-1559BA385DF0" vid_target="95A3F4CD-C65F-55A0-2644-3FCE37D8268C">
<hideElementsInCurrentOnly>false</hideElementsInCurrentOnly>
<backgroundColor>-16777216</backgroundColor>
<lineWidth>1</lineWidth>
<points>
<point x="490" y="195"/>
<point x="490" y="274"/>
</points>
</Connector>
<Connector class="oracle.dbtools.crest.swingui.logical.TVRelation" oid="E73F2143-696F-CFBC-F6FD-91EB2FED8C91" otype="Relation" vid_source="58ABBCFA-7290-4AEE-183B-4F1C8930A2D5" vid_target="810D72B8-426A-B6C3-2CCB-6BA574E98843">
<hideElementsInCurrentOnly>false</hideElementsInCurrentOnly>
<backgroundColor>-16777216</backgroundColor>
<lineWidth>1</lineWidth>
<points>
<point x="532" y="849"/>
<point x="532" y="783"/>
</points>
</Connector>
</connectors>
</Diagram>