<?xml version = '1.0' encoding = 'UTF-8'?>
<Diagram class="oracle.dbtools.crest.swingui.relational.DPVRelational" name="Relational_1" id="A1F0718A-D153-6FBE-94DB-5558F1E49F65">
<createdBy>Mauricio</createdBy>
<modifiedBy>Mauricio</modifiedBy>
<createdTime>2022-05-06 12:42:46 UTC</createdTime>
<autoRoute>false</autoRoute>
<boxInbox>true</boxInbox>
<showLegend>false</showLegend>
<showLabels>false</showLabels>
<showRelAttributes>false</showRelAttributes>
<gridEnabled>false</gridEnabled>
<showGrid>false</showGrid>
<diagramColor>-1</diagramColor>
<display>false</display>
<notation>1</notation>
<objectViews>
<OView class="oracle.dbtools.crest.swingui.relational.TVTable" oid="114D0CD6-F130-E93B-795F-495088874DF8" otype="Table" vid="A6C91C70-B8F1-5C72-A7C6-D228BD9B7E13">
<hideElementsInCurrentOnly>false</hideElementsInCurrentOnly>
<bounds x="779" y="538" width="234" height="140"/>
</OView>
<OView class="oracle.dbtools.crest.swingui.relational.TVTable" oid="16646D23-41A9-F87A-21BA-BD601ED78C68" otype="Table" vid="8D7BF315-C42A-6EE8-2983-1B32BA12F818">
<hideElementsInCurrentOnly>false</hideElementsInCurrentOnly>
<bounds x="363" y="1277" width="244" height="74"/>
</OView>
<OView class="oracle.dbtools.crest.swingui.relational.TVTable" oid="34B6B5AC-6E3D-9A59-6A52-ED7E836AF32D" otype="Table" vid="08175F4D-57AD-88CE-3C10-D62A80CAC397">
<hideElementsInCurrentOnly>false</hideElementsInCurrentOnly>
<bounds x="11" y="207" width="268" height="101"/>
</OView>
<OView class="oracle.dbtools.crest.swingui.relational.TVTable" oid="3D7C77A7-2FE4-BEC3-6F3C-6C999982437F" otype="Table" vid="793D8E90-BB0D-251E-B6B2-A23E7F63428E">
<hideElementsInCurrentOnly>false</hideElementsInCurrentOnly>
<bounds x="462" y="635" width="222" height="148"/>
</OView>
<OView class="oracle.dbtools.crest.swingui.relational.TVTable" oid="5E96F2A0-314D-8D9B-D081-D5CD9AD6EB01" otype="Table" vid="E4F738B8-5DCC-97AE-3010-AB1B66019E67">
<hideElementsInCurrentOnly>false</hideElementsInCurrentOnly>
<bounds x="203" y="641" width="238" height="142"/>
</OView>
<OView class="oracle.dbtools.crest.swingui.relational.TVTable" oid="6010268D-4F35-DC12-2FBE-56A2A976433C" otype="Table" vid="F8AB5C84-C199-1344-2E01-7F904091804A">
<hideElementsInCurrentOnly>false</hideElementsInCurrentOnly>
<bounds x="366" y="996" width="239" height="92"/>
</OView>
<OView class="oracle.dbtools.crest.swingui.relational.TVTable" oid="67F9BB21-1FDC-91AB-1841-16765B52D07D" otype="Table" vid="B2B3B231-F1A6-221E-00A5-9341DE37B523">
<hideElementsInCurrentOnly>false</hideElementsInCurrentOnly>
<bounds x="359" y="71" width="256" height="124"/>
</OView>
<OView class="oracle.dbtools.crest.swingui.relational.TVTable" oid="98D001DF-A78A-7CA5-896D-0FD6987C1273" otype="Table" vid="B0B54A5B-8AD3-0B55-5AB7-E8C5287CDB6F">
<hideElementsInCurrentOnly>false</hideElementsInCurrentOnly>
<bounds x="760" y="78" width="258" height="155"/>
</OView>
<OView class="oracle.dbtools.crest.swingui.relational.TVTable" oid="98F1BC73-B721-4DCD-5688-8E362EFA189C" otype="Table" vid="031FC7B7-83E3-5DE4-8AF4-85A4F82E99E4">
<hideElementsInCurrentOnly>false</hideElementsInCurrentOnly>
<bounds x="365" y="274" width="291" height="248"/>
</OView>
<OView class="oracle.dbtools.crest.swingui.relational.TVTable" oid="A3723D6E-5137-35DE-D75C-EE3A9F1DA014" otype="Table" vid="9BA9E32D-16D0-687D-89A0-409BD337020A">
<hideElementsInCurrentOnly>false</hideElementsInCurrentOnly>
<bounds x="22" y="470" width="268" height="116"/>
</OView>
<OView class="oracle.dbtools.crest.swingui.relational.TVTable" oid="BCD8D3BB-EE18-A3BD-4E86-5D98B9F545A7" otype="Table" vid="D7C78585-6675-B64B-961E-7140087E3B39">
<hideElementsInCurrentOnly>false</hideElementsInCurrentOnly>
<bounds x="16" y="316" width="267" height="119"/>
</OView>
<OView class="oracle.dbtools.crest.swingui.relational.TVTable" oid="D7A7FDF7-D2C2-B31E-08E1-B4EBDF3B832A" otype="Table" vid="745A6EDC-764A-45C1-AF88-C46DC98A09B8">
<hideElementsInCurrentOnly>false</hideElementsInCurrentOnly>
<bounds x="777" y="304" width="206" height="180"/>
</OView>
<OView class="oracle.dbtools.crest.swingui.relational.TVTable" oid="DC50CAA7-BC9D-7C36-9445-DFA4688D6A7D" otype="Table" vid="B067717C-7FB3-D1FE-617D-B05F082593ED">
<hideElementsInCurrentOnly>false</hideElementsInCurrentOnly>
<bounds x="368" y="1133" width="238" height="97"/>
</OView>
<OView class="oracle.dbtools.crest.swingui.relational.TVTable" oid="EEDEA21F-06C7-C861-6AA5-7E55F9897884" otype="Table" vid="9CF4F04A-A24E-9274-0A77-1C69C7A0EF7E">
<hideElementsInCurrentOnly>false</hideElementsInCurrentOnly>
<bounds x="366" y="849" width="237" height="105"/>
</OView>
</objectViews>
<connectors>
<Connector class="oracle.dbtools.crest.swingui.relational.TVFKRelation" oid="11FC8C6A-F115-7E57-00D5-A1EED0629629" otype="FKIndexAssociation" vid_source="031FC7B7-83E3-5DE4-8AF4-85A4F82E99E4" vid_target="B0B54A5B-8AD3-0B55-5AB7-E8C5287CDB6F">
<hideElementsInCurrentOnly>false</hideElementsInCurrentOnly>
<backgroundColor>-16777216</backgroundColor>
<lineWidth>1</lineWidth>
<points>
<point x="656" y="304"/>
<point x="768" y="233"/>
</points>
</Connector>
<Connector class="oracle.dbtools.crest.swingui.relational.TVFKRelation" oid="261E10C3-B6EE-9BB3-5E59-94AADB34EFD7" otype="FKIndexAssociation" vid_source="031FC7B7-83E3-5DE4-8AF4-85A4F82E99E4" vid_target="D7C78585-6675-B64B-961E-7140087E3B39">
<hideElementsInCurrentOnly>false</hideElementsInCurrentOnly>
<backgroundColor>-16777216</backgroundColor>
<lineWidth>1</lineWidth>
<points>
<point x="365" y="390"/>
<point x="283" y="390"/>
</points>
</Connector>
<Connector class="oracle.dbtools.crest.swingui.relational.TVFKRelation" oid="2B929E23-46A4-B537-2165-1C105DAC7BAC" otype="FKIndexAssociation" vid_source="031FC7B7-83E3-5DE4-8AF4-85A4F82E99E4" vid_target="B2B3B231-F1A6-221E-00A5-9341DE37B523">
<hideElementsInCurrentOnly>false</hideElementsInCurrentOnly>
<backgroundColor>-16777216</backgroundColor>
<lineWidth>1</lineWidth>
<points>
<point x="490" y="274"/>
<point x="490" y="195"/>
</points>
</Connector>
<Connector class="oracle.dbtools.crest.swingui.relational.TVFKRelation" oid="3BCC2E28-DFC6-08DC-E675-87A764F8C65B" otype="FKIndexAssociation" vid_source="031FC7B7-83E3-5DE4-8AF4-85A4F82E99E4" vid_target="E4F738B8-5DCC-97AE-3010-AB1B66019E67">
<hideElementsInCurrentOnly>false</hideElementsInCurrentOnly>
<backgroundColor>-16777216</backgroundColor>
<lineWidth>1</lineWidth>
<points>
<point x="418" y="522"/>
<point x="418" y="641"/>
</points>
</Connector>
<Connector class="oracle.dbtools.crest.swingui.relational.TVFKRelation" oid="3EBFB834-40BF-7E15-7151-DA636C723982" otype="FKIndexAssociation" vid_source="B067717C-7FB3-D1FE-617D-B05F082593ED" vid_target="F8AB5C84-C199-1344-2E01-7F904091804A">
<hideElementsInCurrentOnly>false</hideElementsInCurrentOnly>
<backgroundColor>-16777216</backgroundColor>
<lineWidth>1</lineWidth>
<points>
<point x="456" y="1133"/>
<point x="456" y="1088"/>
</points>
</Connector>
<Connector class="oracle.dbtools.crest.swingui.relational.TVFKRelation" oid="5287D6FB-076F-8547-994F-637215144E30" otype="FKIndexAssociation" vid_source="031FC7B7-83E3-5DE4-8AF4-85A4F82E99E4" vid_target="9BA9E32D-16D0-687D-89A0-409BD337020A">
<hideElementsInCurrentOnly>false</hideElementsInCurrentOnly>
<backgroundColor>-16777216</backgroundColor>
<lineWidth>1</lineWidth>
<points>
<point x="365" y="511"/>
<point x="290" y="511"/>
</points>
</Connector>
<Connector class="oracle.dbtools.crest.swingui.relational.TVFKRelation" oid="69062AA4-57E8-BE7E-897F-54632D39571C" otype="FKIndexAssociation" vid_source="031FC7B7-83E3-5DE4-8AF4-85A4F82E99E4" vid_target="793D8E90-BB0D-251E-B6B2-A23E7F63428E">
<hideElementsInCurrentOnly>false</hideElementsInCurrentOnly>
<backgroundColor>-16777216</backgroundColor>
<lineWidth>1</lineWidth>
<points>
<point x="559" y="522"/>
<point x="559" y="635"/>
</points>
</Connector>
<Connector class="oracle.dbtools.crest.swingui.relational.TVFKRelation" oid="92C7763B-9B09-C101-A175-8DAB942EBBA0" otype="FKIndexAssociation" vid_source="031FC7B7-83E3-5DE4-8AF4-85A4F82E99E4" vid_target="08175F4D-57AD-88CE-3C10-D62A80CAC397">
<hideElementsInCurrentOnly>false</hideElementsInCurrentOnly>
<backgroundColor>-16777216</backgroundColor>
<lineWidth>1</lineWidth>
<points>
<point x="365" y="276"/>
<point x="279" y="276"/>
</points>
</Connector>
<Connector class="oracle.dbtools.crest.swingui.relational.TVFKRelation" oid="BE83C617-68B8-9F90-784A-B8AC43050637" otype="FKIndexAssociation" vid_source="9CF4F04A-A24E-9274-0A77-1C69C7A0EF7E" vid_target="793D8E90-BB0D-251E-B6B2-A23E7F63428E">
<hideElementsInCurrentOnly>false</hideElementsInCurrentOnly>
<backgroundColor>-16777216</backgroundColor>
<lineWidth>1</lineWidth>
<points>
<point x="502" y="849"/>
<point x="502" y="783"/>
</points>
</Connector>
<Connector class="oracle.dbtools.crest.swingui.relational.TVFKRelation" oid="BECB575B-4C37-40BC-29BF-7FD6BCEE79BA" otype="FKIndexAssociation" vid_source="F8AB5C84-C199-1344-2E01-7F904091804A" vid_target="9CF4F04A-A24E-9274-0A77-1C69C7A0EF7E">
<hideElementsInCurrentOnly>false</hideElementsInCurrentOnly>
<backgroundColor>-16777216</backgroundColor>
<lineWidth>1</lineWidth>
<points>
<point x="529" y="996"/>
<point x="529" y="954"/>
</points>
</Connector>
<Connector class="oracle.dbtools.crest.swingui.relational.TVFKRelation" oid="D3E7C54F-9E2C-2242-FFCD-CF8AEA5AD56F" otype="FKIndexAssociation" vid_source="9CF4F04A-A24E-9274-0A77-1C69C7A0EF7E" vid_target="E4F738B8-5DCC-97AE-3010-AB1B66019E67">
<hideElementsInCurrentOnly>false</hideElementsInCurrentOnly>
<backgroundColor>-16777216</backgroundColor>
<lineWidth>1</lineWidth>
<points>
<point x="373" y="849"/>
<point x="373" y="783"/>
</points>
</Connector>
<Connector class="oracle.dbtools.crest.swingui.relational.TVFKRelation" oid="D652A463-123E-9A66-63BF-2EA5811D9021" otype="FKIndexAssociation" vid_source="031FC7B7-83E3-5DE4-8AF4-85A4F82E99E4" vid_target="A6C91C70-B8F1-5C72-A7C6-D228BD9B7E13">
<hideElementsInCurrentOnly>false</hideElementsInCurrentOnly>
<backgroundColor>-16777216</backgroundColor>
<lineWidth>1</lineWidth>
<points>
<point x="656" y="477"/>
<point x="779" y="599"/>
</points>
</Connector>
<Connector class="oracle.dbtools.crest.swingui.relational.TVFKRelation" oid="E896C1BF-8861-E70A-B45F-0E8028A2BB16" otype="FKIndexAssociation" vid_source="8D7BF315-C42A-6EE8-2983-1B32BA12F818" vid_target="B067717C-7FB3-D1FE-617D-B05F082593ED">
<hideElementsInCurrentOnly>false</hideElementsInCurrentOnly>
<backgroundColor>-16777216</backgroundColor>
<lineWidth>1</lineWidth>
<points>
<point x="457" y="1277"/>
<point x="457" y="1230"/>
</points>
</Connector>
<Connector class="oracle.dbtools.crest.swingui.relational.TVFKRelation" oid="EC1267D1-F229-6804-6A05-5ACC6C089E37" otype="FKIndexAssociation" vid_source="031FC7B7-83E3-5DE4-8AF4-85A4F82E99E4" vid_target="745A6EDC-764A-45C1-AF88-C46DC98A09B8">
<hideElementsInCurrentOnly>false</hideElementsInCurrentOnly>
<backgroundColor>-16777216</backgroundColor>
<lineWidth>1</lineWidth>
<points>
<point x="656" y="439"/>
<point x="777" y="439"/>
</points>
</Connector>
</connectors>
</Diagram>