<?xml version = '1.0' encoding = 'UTF-8'?>
<Entity class="oracle.dbtools.crest.model.design.logical.Entity" directorySegmentName="seg_0" id="3EA83206-2982-3E0C-C7DD-549380C41021" name="ENTRADA">
<createdBy>Mauricio</createdBy>
<createdTime>2022-05-21 13:56:36 UTC</createdTime>
<ownerDesignName>Atividade_fase3_cap7</ownerDesignName>
<engineerTo>
<item key="5D6A7451-BCF4-CB06-7906-8433F04EA192" value="true"/>
</engineerTo>
<adequatelyNormalized>NO</adequatelyNormalized>
<expectedVolumes>0</expectedVolumes>
<fwdEngineeringStrategyName>Single Table</fwdEngineeringStrategyName>
<growthPercent>0</growthPercent>
<growthType>Year</growthType>
<maxVolumes>9999999</maxVolumes>
<minVolumes>0</minVolumes>
<normalForm>Third</normalForm>
<attributes itemClass="oracle.dbtools.crest.model.design.logical.Attribute">
<Attribute name="senha" id="4833B561-8AD3-7141-10C4-55B0560A1ED0">
<createdBy>Mauricio</createdBy>
<createdTime>2022-05-21 13:57:13 UTC</createdTime>
<ownerDesignName>Atividade_fase3_cap7</ownerDesignName>
<engineerTo>
<item key="5D6A7451-BCF4-CB06-7906-8433F04EA192" value="true"/>
</engineerTo>
<useDomainConstraints>false</useDomainConstraints>
<use>1</use>
<logicalDatatype>LOGDT024</logicalDatatype>
<dataTypeSize>8 CHAR</dataTypeSize>
<ownDataTypeParameters>8 CHAR,,</ownDataTypeParameters>
</Attribute>
<Attribute name="cod usuario" id="1C4DA8A5-49E7-6AC7-F92E-D4481B1212B8">
<createdBy>Mauricio</createdBy>
<createdTime>2022-05-22 15:49:43 UTC</createdTime>
<generatorID>D1228EE8-562E-A472-0254-31335499C460</generatorID>
<ownerDesignName>Atividade_fase3_cap7</ownerDesignName>
<engineerTo>
<item key="5D6A7451-BCF4-CB06-7906-8433F04EA192" value="true"/>
</engineerTo>
<referedAttribute>AA1868C3-E96A-2B77-3CB5-9650E4274870</referedAttribute>
<useDomainConstraints>false</useDomainConstraints>
<use>1</use>
<logicalDatatype>LOGDT019</logicalDatatype>
<ownDataTypeParameters>,,</ownDataTypeParameters>
</Attribute>
</attributes>
<identifiers itemClass="oracle.dbtools.crest.model.design.logical.CandidateKey">
<identifier id="7336B49D-2EB3-97EE-0A3F-F016D3962147" name="ENTRADA PK">
<createdBy>Mauricio</createdBy>
<createdTime>2022-05-21 13:57:30 UTC</createdTime>
<ownerDesignName>Atividade_fase3_cap7</ownerDesignName>
<shouldEngineer>false</shouldEngineer>
<engineerTo>
<item key="5D6A7451-BCF4-CB06-7906-8433F04EA192" value="false"/>
</engineerTo>
<pk>true</pk>
<usedAttributes>
<attributeRef>4833B561-8AD3-7141-10C4-55B0560A1ED0</attributeRef>
<attributeRef>1C4DA8A5-49E7-6AC7-F92E-D4481B1212B8</attributeRef>
</usedAttributes>
</identifier>
</identifiers>
</Entity>