<?xml version = '1.0' encoding = 'UTF-8'?>
<Entity class="oracle.dbtools.crest.model.design.logical.Entity" directorySegmentName="seg_0" id="458CAE14-242E-B3BC-4495-C63CE7DBC32D" name="VALOR PRE APROVADO">
<createdBy>Mauricio</createdBy>
<createdTime>2022-05-22 13:03:28 UTC</createdTime>
<ownerDesignName>Atividade_fase3_cap7</ownerDesignName>
<engineerTo>
<item key="5D6A7451-BCF4-CB06-7906-8433F04EA192" value="true"/>
</engineerTo>
<adequatelyNormalized>NO</adequatelyNormalized>
<expectedVolumes>0</expectedVolumes>
<fwdEngineeringStrategyName>Single Table</fwdEngineeringStrategyName>
<growthPercent>0</growthPercent>
<growthType>Year</growthType>
<maxVolumes>9999999</maxVolumes>
<minVolumes>0</minVolumes>
<normalForm>Third</normalForm>
<attributes itemClass="oracle.dbtools.crest.model.design.logical.Attribute">
<Attribute name="cod valor" id="B72FC684-6591-76DB-74B3-83617EA3BC98">
<createdBy>Mauricio</createdBy>
<createdTime>2022-05-22 13:04:08 UTC</createdTime>
<ownerDesignName>Atividade_fase3_cap7</ownerDesignName>
<engineerTo>
<item key="5D6A7451-BCF4-CB06-7906-8433F04EA192" value="true"/>
</engineerTo>
<useDomainConstraints>false</useDomainConstraints>
<use>1</use>
<logicalDatatype>LOGDT019</logicalDatatype>
<ownDataTypeParameters>,,</ownDataTypeParameters>
</Attribute>
<Attribute name="USUARIO cod usuario" id="FB8418C3-A053-F5F9-AC87-F9344FBC6242">
<createdBy>Mauricio</createdBy>
<createdTime>2022-05-22 13:22:42 UTC</createdTime>
<generatorID>A574E620-9A19-BF9C-E621-C8A31B2C0D60</generatorID>
<ownerDesignName>Atividade_fase3_cap7</ownerDesignName>
<engineerTo>
<item key="5D6A7451-BCF4-CB06-7906-8433F04EA192" value="true"/>
</engineerTo>
<referedAttribute>AA1868C3-E96A-2B77-3CB5-9650E4274870</referedAttribute>
<useDomainConstraints>false</useDomainConstraints>
<use>1</use>
<logicalDatatype>LOGDT019</logicalDatatype>
<ownDataTypeParameters>,,</ownDataTypeParameters>
</Attribute>
<Attribute name="valor" id="7E8AA60B-17AC-1FF0-55E0-7F7EDF8B1B57">
<createdBy>Mauricio</createdBy>
<createdTime>2022-05-22 13:06:19 UTC</createdTime>
<ownerDesignName>Atividade_fase3_cap7</ownerDesignName>
<engineerTo>
<item key="5D6A7451-BCF4-CB06-7906-8433F04EA192" value="true"/>
</engineerTo>
<useDomainConstraints>false</useDomainConstraints>
<use>1</use>
<logicalDatatype>LOGDT019</logicalDatatype>
<dataTypePrecision>6</dataTypePrecision>
<ownDataTypeParameters>,6,</ownDataTypeParameters>
</Attribute>
<Attribute name="parcelas" id="6460C9DF-3A7C-8842-0971-B09A8B1CEEC4">
<createdBy>Mauricio</createdBy>
<createdTime>2022-05-22 13:07:05 UTC</createdTime>
<ownerDesignName>Atividade_fase3_cap7</ownerDesignName>
<engineerTo>
<item key="5D6A7451-BCF4-CB06-7906-8433F04EA192" value="true"/>
</engineerTo>
<useDomainConstraints>false</useDomainConstraints>
<use>1</use>
<logicalDatatype>LOGDT019</logicalDatatype>
<dataTypePrecision>2</dataTypePrecision>
<ownDataTypeParameters>,2,</ownDataTypeParameters>
</Attribute>
<Attribute name="data" id="9B07AB0D-135E-0745-9C16-EF8A4FA6C734">
<createdBy>Mauricio</createdBy>
<createdTime>2022-05-22 13:07:32 UTC</createdTime>
<ownerDesignName>Atividade_fase3_cap7</ownerDesignName>
<engineerTo>
<item key="5D6A7451-BCF4-CB06-7906-8433F04EA192" value="true"/>
</engineerTo>
<useDomainConstraints>false</useDomainConstraints>
<use>1</use>
<logicalDatatype>LOGDT007</logicalDatatype>
<ownDataTypeParameters>,,</ownDataTypeParameters>
</Attribute>
</attributes>
<identifiers itemClass="oracle.dbtools.crest.model.design.logical.CandidateKey">
<identifier id="529A7CF3-EDA0-5146-0895-52F982A4F917" name="VALOR_PRE_APROVADO_PK">
<createdBy>Mauricio</createdBy>
<createdTime>2022-05-22 13:05:28 UTC</createdTime>
<ownerDesignName>Atividade_fase3_cap7</ownerDesignName>
<shouldEngineer>false</shouldEngineer>
<engineerTo>
<item key="5D6A7451-BCF4-CB06-7906-8433F04EA192" value="false"/>
</engineerTo>
<pk>true</pk>
<usedAttributes>
<attributeRef>B72FC684-6591-76DB-74B3-83617EA3BC98</attributeRef>
<attributeRef>FB8418C3-A053-F5F9-AC87-F9344FBC6242</attributeRef>
</usedAttributes>
</identifier>
</identifiers>
</Entity>