<?xml version = '1.0' encoding = 'UTF-8'?>
<Entity class="oracle.dbtools.crest.model.design.logical.Entity" directorySegmentName="seg_0" id="67DA39B4-2B38-F0F3-6EE7-7AA4C752D055" name="ESTADO">
<createdBy>Mauricio</createdBy>
<createdTime>2022-05-21 14:10:28 UTC</createdTime>
<ownerDesignName>Atividade_fase3_cap7</ownerDesignName>
<engineerTo>
<item key="5D6A7451-BCF4-CB06-7906-8433F04EA192" value="true"/>
</engineerTo>
<adequatelyNormalized>NO</adequatelyNormalized>
<expectedVolumes>0</expectedVolumes>
<fwdEngineeringStrategyName>Single Table</fwdEngineeringStrategyName>
<growthPercent>0</growthPercent>
<growthType>Year</growthType>
<maxVolumes>9999999</maxVolumes>
<minVolumes>0</minVolumes>
<normalForm>Third</normalForm>
<attributes itemClass="oracle.dbtools.crest.model.design.logical.Attribute">
<Attribute name="nome estado" id="63B4D87A-D0BB-DB26-A2A8-08BA0E3341D6">
<createdBy>Mauricio</createdBy>
<createdTime>2022-05-21 14:10:53 UTC</createdTime>
<ownerDesignName>Atividade_fase3_cap7</ownerDesignName>
<engineerTo>
<item key="5D6A7451-BCF4-CB06-7906-8433F04EA192" value="true"/>
</engineerTo>
<useDomainConstraints>false</useDomainConstraints>
<use>1</use>
<logicalDatatype>LOGDT024</logicalDatatype>
<dataTypeSize>10 CHAR</dataTypeSize>
<ownDataTypeParameters>10 CHAR,,</ownDataTypeParameters>
</Attribute>
</attributes>
<identifiers itemClass="oracle.dbtools.crest.model.design.logical.CandidateKey">
<identifier id="02ADC4B0-31C6-A054-755B-CCCB9D3DACB1" name="ESTADO PK">
<createdBy>Mauricio</createdBy>
<createdTime>2022-05-21 14:11:13 UTC</createdTime>
<ownerDesignName>Atividade_fase3_cap7</ownerDesignName>
<shouldEngineer>false</shouldEngineer>
<engineerTo>
<item key="5D6A7451-BCF4-CB06-7906-8433F04EA192" value="false"/>
</engineerTo>
<pk>true</pk>
<usedAttributes>
<attributeRef>63B4D87A-D0BB-DB26-A2A8-08BA0E3341D6</attributeRef>
</usedAttributes>
</identifier>
</identifiers>
</Entity>