<?xml version = '1.0' encoding = 'UTF-8'?>
<Entity class="oracle.dbtools.crest.model.design.logical.Entity" directorySegmentName="seg_0" id="971D0022-49A7-18DB-9411-D965F5C3DBDB" name="TELEFONE CEL">
<createdBy>Mauricio</createdBy>
<createdTime>2022-05-22 12:14:18 UTC</createdTime>
<ownerDesignName>Atividade_fase3_cap7</ownerDesignName>
<engineerTo>
<item key="5D6A7451-BCF4-CB06-7906-8433F04EA192" value="true"/>
</engineerTo>
<adequatelyNormalized>NO</adequatelyNormalized>
<expectedVolumes>0</expectedVolumes>
<fwdEngineeringStrategyName>Single Table</fwdEngineeringStrategyName>
<growthPercent>0</growthPercent>
<growthType>Year</growthType>
<maxVolumes>9999999</maxVolumes>
<minVolumes>0</minVolumes>
<normalForm>Third</normalForm>
<attributes itemClass="oracle.dbtools.crest.model.design.logical.Attribute">
<Attribute name="telefone celular" id="9976640E-910E-4E25-2614-D6848624B81B">
<createdBy>Mauricio</createdBy>
<createdTime>2022-05-22 13:30:25 UTC</createdTime>
<ownerDesignName>Atividade_fase3_cap7</ownerDesignName>
<engineerTo>
<item key="5D6A7451-BCF4-CB06-7906-8433F04EA192" value="true"/>
</engineerTo>
<useDomainConstraints>false</useDomainConstraints>
<use>1</use>
<logicalDatatype>LOGDT019</logicalDatatype>
<dataTypePrecision>11</dataTypePrecision>
<ownDataTypeParameters>,11,</ownDataTypeParameters>
</Attribute>
<Attribute name="cod usuario" id="7DE1979F-2687-740A-C106-DF75F0F32EA5">
<createdBy>Mauricio</createdBy>
<createdTime>2022-05-22 13:41:21 UTC</createdTime>
<generatorID>01A3CC0C-F54C-B2AC-DDE9-69E32FD651B5</generatorID>
<ownerDesignName>Atividade_fase3_cap7</ownerDesignName>
<engineerTo>
<item key="5D6A7451-BCF4-CB06-7906-8433F04EA192" value="true"/>
</engineerTo>
<referedAttribute>AA1868C3-E96A-2B77-3CB5-9650E4274870</referedAttribute>
<useDomainConstraints>false</useDomainConstraints>
<use>1</use>
<logicalDatatype>LOGDT019</logicalDatatype>
<ownDataTypeParameters>,,</ownDataTypeParameters>
</Attribute>
</attributes>
<identifiers itemClass="oracle.dbtools.crest.model.design.logical.CandidateKey">
<identifier id="AC430F20-9481-C47C-601A-7236258E8754" name="TELEFONE_CEL_PK">
<createdBy>Mauricio</createdBy>
<createdTime>2022-05-22 13:31:18 UTC</createdTime>
<ownerDesignName>Atividade_fase3_cap7</ownerDesignName>
<shouldEngineer>false</shouldEngineer>
<engineerTo>
<item key="5D6A7451-BCF4-CB06-7906-8433F04EA192" value="false"/>
</engineerTo>
<pk>true</pk>
<usedAttributes>
<attributeRef>9976640E-910E-4E25-2614-D6848624B81B</attributeRef>
<attributeRef>7DE1979F-2687-740A-C106-DF75F0F32EA5</attributeRef>
</usedAttributes>
</identifier>
</identifiers>
</Entity>