<?xml version = '1.0' encoding = 'UTF-8'?>
<Entity class="oracle.dbtools.crest.model.design.logical.Entity" directorySegmentName="seg_0" id="C9BFBE89-1784-572A-7782-04FFA0B88E71" name="ENDERECO RESIDEN">
<createdBy>Mauricio</createdBy>
<createdTime>2022-05-21 14:02:30 UTC</createdTime>
<ownerDesignName>Atividade_fase3_cap7</ownerDesignName>
<engineerTo>
<item key="5D6A7451-BCF4-CB06-7906-8433F04EA192" value="true"/>
</engineerTo>
<adequatelyNormalized>NO</adequatelyNormalized>
<expectedVolumes>0</expectedVolumes>
<fwdEngineeringStrategyName>Single Table</fwdEngineeringStrategyName>
<growthPercent>0</growthPercent>
<growthType>Year</growthType>
<maxVolumes>9999999</maxVolumes>
<minVolumes>0</minVolumes>
<normalForm>Third</normalForm>
<attributes itemClass="oracle.dbtools.crest.model.design.logical.Attribute">
<Attribute name="CEP" id="65305644-6DEE-D71B-2AD0-7AF5046B0573">
<createdBy>Mauricio</createdBy>
<createdTime>2022-05-21 14:02:56 UTC</createdTime>
<ownerDesignName>Atividade_fase3_cap7</ownerDesignName>
<engineerTo>
<item key="5D6A7451-BCF4-CB06-7906-8433F04EA192" value="true"/>
</engineerTo>
<useDomainConstraints>false</useDomainConstraints>
<use>1</use>
<logicalDatatype>LOGDT019</logicalDatatype>
<dataTypePrecision>8</dataTypePrecision>
<ownDataTypeParameters>,8,</ownDataTypeParameters>
</Attribute>
<Attribute name="cod usuario" id="A9CF929F-214C-A0A2-B489-472817E7ACE3">
<createdBy>Mauricio</createdBy>
<createdTime>2022-05-22 13:22:42 UTC</createdTime>
<generatorID>453D2890-837C-46B3-50B0-DDF13AA57C5F</generatorID>
<ownerDesignName>Atividade_fase3_cap7</ownerDesignName>
<engineerTo>
<item key="5D6A7451-BCF4-CB06-7906-8433F04EA192" value="true"/>
</engineerTo>
<referedAttribute>AA1868C3-E96A-2B77-3CB5-9650E4274870</referedAttribute>
<useDomainConstraints>false</useDomainConstraints>
<use>1</use>
<logicalDatatype>LOGDT019</logicalDatatype>
<ownDataTypeParameters>,,</ownDataTypeParameters>
</Attribute>
<Attribute name="nome rua" id="8F0D4934-A531-989E-D030-92489EA9AD5C">
<createdBy>Mauricio</createdBy>
<createdTime>2022-05-21 14:19:31 UTC</createdTime>
<generatorID>620EA835-0F0B-14E7-E983-93A3542F5986</generatorID>
<ownerDesignName>Atividade_fase3_cap7</ownerDesignName>
<engineerTo>
<item key="5D6A7451-BCF4-CB06-7906-8433F04EA192" value="true"/>
</engineerTo>
<referedAttribute>E22074E0-5C47-46C4-150C-7200DB4B3499</referedAttribute>
<useDomainConstraints>false</useDomainConstraints>
<use>1</use>
<logicalDatatype>LOGDT024</logicalDatatype>
<dataTypeSize>20 CHAR</dataTypeSize>
<ownDataTypeParameters>,,</ownDataTypeParameters>
</Attribute>
<Attribute name="complemento" id="D3BA0A23-B2D7-4E72-FF9E-00AAB30294F7">
<createdBy>Mauricio</createdBy>
<createdTime>2022-05-21 14:05:46 UTC</createdTime>
<ownerDesignName>Atividade_fase3_cap7</ownerDesignName>
<engineerTo>
<item key="5D6A7451-BCF4-CB06-7906-8433F04EA192" value="true"/>
</engineerTo>
<nullsAllowed>true</nullsAllowed>
<useDomainConstraints>false</useDomainConstraints>
<use>1</use>
<logicalDatatype>LOGDT024</logicalDatatype>
<dataTypeSize>10 CHAR</dataTypeSize>
<ownDataTypeParameters>10 CHAR,,</ownDataTypeParameters>
</Attribute>
</attributes>
<identifiers itemClass="oracle.dbtools.crest.model.design.logical.CandidateKey">
<identifier id="59777286-A25E-71C5-EEC6-CC1B0EEE6F31" name="ENDERECO_RESISDENCIA_PK">
<createdBy>Mauricio</createdBy>
<createdTime>2022-05-21 14:03:23 UTC</createdTime>
<ownerDesignName>Atividade_fase3_cap7</ownerDesignName>
<shouldEngineer>false</shouldEngineer>
<engineerTo>
<item key="5D6A7451-BCF4-CB06-7906-8433F04EA192" value="false"/>
</engineerTo>
<pk>true</pk>
<usedAttributes>
<attributeRef>65305644-6DEE-D71B-2AD0-7AF5046B0573</attributeRef>
</usedAttributes>
</identifier>
</identifiers>
</Entity>