<?xml version = '1.0' encoding = 'UTF-8'?>
<Relation class="oracle.dbtools.crest.model.design.logical.Relation" name="USUARIO TELEFONE CEL FK" directorySegmentName="seg_0" id="01A3CC0C-F54C-B2AC-DDE9-69E32FD651B5">
<createdBy>Mauricio</createdBy>
<createdTime>2022-05-22 13:41:12 UTC</createdTime>
<ownerDesignName>Atividade_fase3_cap7</ownerDesignName>
<engineerTo>
<item key="5D6A7451-BCF4-CB06-7906-8433F04EA192" value="true"/>
</engineerTo>
<sourcePk>AC430F20-9481-C47C-601A-7236258E8754</sourcePk>
<targetPk>96FCC162-4FA2-DE57-50AE-FEE1E6A4E72D</targetPk>
<dominantRole>9A2B6407-E293-FF14-9330-074F395456D8</dominantRole>
<identifying>true</identifying>
<optionalSource>false</optionalSource>
<optionalTarget>false</optionalTarget>
<sourceCardinality>1</sourceCardinality>
<sourceEntity>971D0022-49A7-18DB-9411-D965F5C3DBDB</sourceEntity>
<targetCardinalityString>1</targetCardinalityString>
<targetEntity>9A2B6407-E293-FF14-9330-074F395456D8</targetEntity>
<transferable>true</transferable>
<deleteRule>NO ACTION</deleteRule>
</Relation>