<?xml version = '1.0' encoding = 'UTF-8'?>
<Relation class="oracle.dbtools.crest.model.design.logical.Relation" name="TELEFONE RESIDENCIA USUARIO FK" directorySegmentName="seg_0" id="0F38A2E4-D814-9AF9-7F36-F79AA7D9F59D">
<createdBy>Mauricio</createdBy>
<createdTime>2022-05-22 13:41:59 UTC</createdTime>
<ownerDesignName>Atividade_fase3_cap7</ownerDesignName>
<engineerTo>
<item key="5D6A7451-BCF4-CB06-7906-8433F04EA192" value="true"/>
</engineerTo>
<sourcePk>96FCC162-4FA2-DE57-50AE-FEE1E6A4E72D</sourcePk>
<identifying>false</identifying>
<optionalSource>false</optionalSource>
<optionalTarget>true</optionalTarget>
<sourceCardinality>1</sourceCardinality>
<sourceEntity>9A2B6407-E293-FF14-9330-074F395456D8</sourceEntity>
<targetCardinalityString>*</targetCardinalityString>
<targetEntity>06E0E453-F3C6-DC1E-43CA-13F26833C75C</targetEntity>
<transferable>true</transferable>
<deleteRule>NO ACTION</deleteRule>
</Relation>