<?xml version = '1.0' encoding = 'UTF-8'?>
<Relation class="oracle.dbtools.crest.model.design.logical.Relation" name="CIDADE ESTADO FK" directorySegmentName="seg_0" id="1514CB9C-BE49-5910-C9C3-A5137C548D7F">
<createdBy>Mauricio</createdBy>
<createdTime>2022-05-21 14:13:17 UTC</createdTime>
<ownerDesignName>Atividade_fase3_cap7</ownerDesignName>
<engineerTo>
<item key="5D6A7451-BCF4-CB06-7906-8433F04EA192" value="true"/>
</engineerTo>
<sourcePk>02ADC4B0-31C6-A054-755B-CCCB9D3DACB1</sourcePk>
<identifying>false</identifying>
<optionalSource>false</optionalSource>
<optionalTarget>false</optionalTarget>
<sourceCardinality>1</sourceCardinality>
<sourceEntity>67DA39B4-2B38-F0F3-6EE7-7AA4C752D055</sourceEntity>
<targetCardinalityString>*</targetCardinalityString>
<targetEntity>E6869D56-CB6A-2531-3F5A-90EBFCA956B4</targetEntity>
<transferable>true</transferable>
<deleteRule>NO ACTION</deleteRule>
</Relation>