<?xml version = '1.0' encoding = 'UTF-8'?>
<Relation class="oracle.dbtools.crest.model.design.logical.Relation" name="BAIRRO CIDADE FK" directorySegmentName="seg_0" id="23C985A9-7879-D1D5-2C7F-474D704B0CDA">
<createdBy>Mauricio</createdBy>
<createdTime>2022-05-21 14:14:34 UTC</createdTime>
<ownerDesignName>Atividade_fase3_cap7</ownerDesignName>
<engineerTo>
<item key="5D6A7451-BCF4-CB06-7906-8433F04EA192" value="true"/>
</engineerTo>
<sourcePk>BC37D99D-25A2-AE62-2C88-742BD8007C4C</sourcePk>
<identifying>false</identifying>
<optionalSource>false</optionalSource>
<optionalTarget>false</optionalTarget>
<sourceCardinality>1</sourceCardinality>
<sourceEntity>E6869D56-CB6A-2531-3F5A-90EBFCA956B4</sourceEntity>
<targetCardinalityString>*</targetCardinalityString>
<targetEntity>D7B459BB-9400-B9FF-5373-887BE9A28FFC</targetEntity>
<transferable>true</transferable>
<deleteRule>NO ACTION</deleteRule>
</Relation>