<?xml version = '1.0' encoding = 'UTF-8'?>
<Relation class="oracle.dbtools.crest.model.design.logical.Relation" name="TELEFONE EMPRESA USUARIO FK" directorySegmentName="seg_0" id="34204841-5CC2-52C7-77D0-48CD4E93F224">
<createdBy>Mauricio</createdBy>
<createdTime>2022-05-22 13:42:52 UTC</createdTime>
<ownerDesignName>Atividade_fase3_cap7</ownerDesignName>
<engineerTo>
<item key="5D6A7451-BCF4-CB06-7906-8433F04EA192" value="true"/>
</engineerTo>
<sourcePk>96FCC162-4FA2-DE57-50AE-FEE1E6A4E72D</sourcePk>
<identifying>false</identifying>
<optionalSource>false</optionalSource>
<optionalTarget>true</optionalTarget>
<sourceCardinality>1</sourceCardinality>
<sourceEntity>9A2B6407-E293-FF14-9330-074F395456D8</sourceEntity>
<targetCardinalityString>*</targetCardinalityString>
<targetEntity>BE2B5FA0-B048-2723-DE89-3600E9FA629B</targetEntity>
<transferable>true</transferable>
<deleteRule>NO ACTION</deleteRule>
</Relation>