<?xml version = '1.0' encoding = 'UTF-8'?>
<Relation class="oracle.dbtools.crest.model.design.logical.Relation" name="ENDERECO RESISDENCIA USUARIO FK" directorySegmentName="seg_0" id="453D2890-837C-46B3-50B0-DDF13AA57C5F">
<createdBy>Mauricio</createdBy>
<createdTime>2022-05-21 14:29:19 UTC</createdTime>
<ownerDesignName>Atividade_fase3_cap7</ownerDesignName>
<engineerTo>
<item key="5D6A7451-BCF4-CB06-7906-8433F04EA192" value="true"/>
</engineerTo>
<sourcePk>96FCC162-4FA2-DE57-50AE-FEE1E6A4E72D</sourcePk>
<identifying>false</identifying>
<optionalSource>false</optionalSource>
<optionalTarget>false</optionalTarget>
<sourceCardinality>1</sourceCardinality>
<sourceEntity>9A2B6407-E293-FF14-9330-074F395456D8</sourceEntity>
<targetCardinalityString>*</targetCardinalityString>
<targetEntity>C9BFBE89-1784-572A-7782-04FFA0B88E71</targetEntity>
<transferable>true</transferable>
<deleteRule>NO ACTION</deleteRule>
</Relation>