<?xml version = '1.0' encoding = 'UTF-8'?>
<Relation class="oracle.dbtools.crest.model.design.logical.Relation" name="ENDERECO EMPRESA USUARIO FK" directorySegmentName="seg_0" id="46507AC9-A21E-D016-D762-48033DF4609E">
<createdBy>Mauricio</createdBy>
<createdTime>2022-05-22 12:27:06 UTC</createdTime>
<ownerDesignName>Atividade_fase3_cap7</ownerDesignName>
<engineerTo>
<item key="5D6A7451-BCF4-CB06-7906-8433F04EA192" value="true"/>
</engineerTo>
<sourcePk>96FCC162-4FA2-DE57-50AE-FEE1E6A4E72D</sourcePk>
<identifying>false</identifying>
<optionalSource>false</optionalSource>
<optionalTarget>true</optionalTarget>
<sourceCardinality>1</sourceCardinality>
<sourceEntity>9A2B6407-E293-FF14-9330-074F395456D8</sourceEntity>
<targetCardinalityString>*</targetCardinalityString>
<targetEntity>08D60C9E-5CB6-B958-A8EA-C65EB47DE90B</targetEntity>
<transferable>true</transferable>
<deleteRule>NO ACTION</deleteRule>
</Relation>