<?xml version = '1.0' encoding = 'UTF-8'?>
<Relation class="oracle.dbtools.crest.model.design.logical.Relation" name="ENDERECO RESISDENCIA RUA FK" directorySegmentName="seg_0" id="620EA835-0F0B-14E7-E983-93A3542F5986">
<createdBy>Mauricio</createdBy>
<createdTime>2022-05-21 14:19:31 UTC</createdTime>
<ownerDesignName>Atividade_fase3_cap7</ownerDesignName>
<engineerTo>
<item key="5D6A7451-BCF4-CB06-7906-8433F04EA192" value="true"/>
</engineerTo>
<sourcePk>A3B1B137-605F-0950-BC70-B211CD9558FD</sourcePk>
<identifying>false</identifying>
<optionalSource>false</optionalSource>
<optionalTarget>false</optionalTarget>
<sourceCardinality>1</sourceCardinality>
<sourceEntity>19781014-2E3C-69B5-B287-124423F62507</sourceEntity>
<targetCardinalityString>*</targetCardinalityString>
<targetEntity>C9BFBE89-1784-572A-7782-04FFA0B88E71</targetEntity>
<transferable>true</transferable>
<deleteRule>NO ACTION</deleteRule>
</Relation>