<?xml version = '1.0' encoding = 'UTF-8'?>
<Relation class="oracle.dbtools.crest.model.design.logical.Relation" name="RUA BAIRRO FK" directorySegmentName="seg_0" id="8137CE39-B8AC-4889-A71B-FBFA86A9DBC1">
<createdBy>Mauricio</createdBy>
<createdTime>2022-05-21 14:17:57 UTC</createdTime>
<ownerDesignName>Atividade_fase3_cap7</ownerDesignName>
<engineerTo>
<item key="5D6A7451-BCF4-CB06-7906-8433F04EA192" value="true"/>
</engineerTo>
<sourcePk>D70A8DCB-76CF-49F6-223C-28086D2FF491</sourcePk>
<identifying>false</identifying>
<optionalSource>false</optionalSource>
<optionalTarget>false</optionalTarget>
<sourceCardinality>1</sourceCardinality>
<sourceEntity>D7B459BB-9400-B9FF-5373-887BE9A28FFC</sourceEntity>
<targetCardinalityString>*</targetCardinalityString>
<targetEntity>19781014-2E3C-69B5-B287-124423F62507</targetEntity>
<transferable>true</transferable>
<deleteRule>NO ACTION</deleteRule>
</Relation>