<?xml version = '1.0' encoding = 'UTF-8'?>
<Relation class="oracle.dbtools.crest.model.design.logical.Relation" name="EMPRESTIMO USUARIO FK" directorySegmentName="seg_0" id="9FE2C5F3-A269-FAA5-7AD1-AD54FB66EA42">
<createdBy>Mauricio</createdBy>
<createdTime>2022-05-22 13:10:14 UTC</createdTime>
<ownerDesignName>Atividade_fase3_cap7</ownerDesignName>
<engineerTo>
<item key="5D6A7451-BCF4-CB06-7906-8433F04EA192" value="true"/>
</engineerTo>
<sourcePk>96FCC162-4FA2-DE57-50AE-FEE1E6A4E72D</sourcePk>
<identifying>false</identifying>
<optionalSource>true</optionalSource>
<optionalTarget>false</optionalTarget>
<sourceCardinality>1</sourceCardinality>
<sourceEntity>9A2B6407-E293-FF14-9330-074F395456D8</sourceEntity>
<targetCardinalityString>*</targetCardinalityString>
<targetEntity>F27647FD-EE2B-E16A-8A78-12C9AF273A4F</targetEntity>
<transferable>true</transferable>
<deleteRule>NO ACTION</deleteRule>
</Relation>