<?xml version = '1.0' encoding = 'UTF-8'?>
<Relation class="oracle.dbtools.crest.model.design.logical.Relation" name="VALOR PRE APROVADO USUARIO FK" directorySegmentName="seg_0" id="A574E620-9A19-BF9C-E621-C8A31B2C0D60">
<createdBy>Mauricio</createdBy>
<createdTime>2022-05-22 13:11:30 UTC</createdTime>
<ownerDesignName>Atividade_fase3_cap7</ownerDesignName>
<engineerTo>
<item key="5D6A7451-BCF4-CB06-7906-8433F04EA192" value="true"/>
</engineerTo>
<sourcePk>96FCC162-4FA2-DE57-50AE-FEE1E6A4E72D</sourcePk>
<targetPk>529A7CF3-EDA0-5146-0895-52F982A4F917</targetPk>
<dominantRole>9A2B6407-E293-FF14-9330-074F395456D8</dominantRole>
<identifying>true</identifying>
<optionalSource>false</optionalSource>
<optionalTarget>false</optionalTarget>
<sourceCardinality>1</sourceCardinality>
<sourceEntity>9A2B6407-E293-FF14-9330-074F395456D8</sourceEntity>
<targetCardinalityString>1</targetCardinalityString>
<targetEntity>458CAE14-242E-B3BC-4495-C63CE7DBC32D</targetEntity>
<transferable>true</transferable>
<deleteRule>NO ACTION</deleteRule>
</Relation>