<?xml version = '1.0' encoding = 'UTF-8'?>
<Relation class="oracle.dbtools.crest.model.design.logical.Relation" name="USUARIO ENTRADA FK" directorySegmentName="seg_0" id="D1228EE8-562E-A472-0254-31335499C460">
<createdBy>Mauricio</createdBy>
<createdTime>2022-05-22 12:54:08 UTC</createdTime>
<ownerDesignName>Atividade_fase3_cap7</ownerDesignName>
<engineerTo>
<item key="5D6A7451-BCF4-CB06-7906-8433F04EA192" value="true"/>
</engineerTo>
<sourcePk>7336B49D-2EB3-97EE-0A3F-F016D3962147</sourcePk>
<targetPk>96FCC162-4FA2-DE57-50AE-FEE1E6A4E72D</targetPk>
<dominantRole>9A2B6407-E293-FF14-9330-074F395456D8</dominantRole>
<identifying>true</identifying>
<optionalSource>false</optionalSource>
<optionalTarget>false</optionalTarget>
<sourceCardinality>1</sourceCardinality>
<sourceEntity>3EA83206-2982-3E0C-C7DD-549380C41021</sourceEntity>
<targetCardinalityString>1</targetCardinalityString>
<targetEntity>9A2B6407-E293-FF14-9330-074F395456D8</targetEntity>
<transferable>true</transferable>
<deleteRule>NO ACTION</deleteRule>
</Relation>