<?xml version = '1.0' encoding = 'UTF-8'?>
<Relation class="oracle.dbtools.crest.model.design.logical.Relation" name="ENDERECO EMPRESA RUA FK" directorySegmentName="seg_0" id="E73F2143-696F-CFBC-F6FD-91EB2FED8C91">
<createdBy>Mauricio</createdBy>
<createdTime>2022-05-22 12:26:51 UTC</createdTime>
<ownerDesignName>Atividade_fase3_cap7</ownerDesignName>
<engineerTo>
<item key="5D6A7451-BCF4-CB06-7906-8433F04EA192" value="true"/>
</engineerTo>
<sourcePk>A3B1B137-605F-0950-BC70-B211CD9558FD</sourcePk>
<identifying>false</identifying>
<optionalSource>false</optionalSource>
<optionalTarget>false</optionalTarget>
<sourceCardinality>1</sourceCardinality>
<sourceEntity>19781014-2E3C-69B5-B287-124423F62507</sourceEntity>
<targetCardinalityString>*</targetCardinalityString>
<targetEntity>08D60C9E-5CB6-B958-A8EA-C65EB47DE90B</targetEntity>
<transferable>true</transferable>
<deleteRule>NO ACTION</deleteRule>
</Relation>